year,month,gs1,gs10,sven5f5,bkeven05,exp_gdp_12m,exp_cpi_12m,us_cpi,us_ip,logsp500,us_gdpdef,us_rgdp,ebpnew
1979,7,9.6400003,8.9499998,8.5193853,,,,429.04593,397.93228,463.16483,371.07132,877.20264,-.25440001
1979,8,9.9799995,9.0299997,8.595396,,,,430.00027,397.25439,467.60703,371.73209,875.4585,-.33939999
1979,9,10.84,9.3299999,8.7794371,,,,430.94559,397.3656,468.79752,372.46835,874.66516,-.153
1979,10,12.44,10.3,9.5050907,,,,432.01514,397.89655,464.89291,373.16437,876.48096,-.78009999
1979,11,12.39,10.65,9.9331312,,,,433.07333,397.79791,464.12521,373.72144,875.74719,-.15369999
1979,12,11.98,10.39,9.9909496,,,,434.25058,397.88141,468.00037,374.30917,875.84076,.1065
1980,1,12.06,10.8,10.566641,,,,435.67087,398.35452,470.7193,374.96393,877.90015,-.059300002
1980,2,13.92,12.41,11.824699,,,,436.94479,398.39008,474.79089,375.73184,875.61401,-.44580001
1980,3,15.82,12.75,11.470533,,,,438.32758,398.05804,465.099,376.67532,875.46918,.25529999
1980,4,13.3,11.47,11.083815,,,,439.32138,395.99957,463.40314,377.25702,876.54346,-.50400001
1980,5,9.3900003,10.18,10.709676,,,,440.30539,393.55521,468.05222,377.99503,873.13934,-.0296
1980,6,8.1599998,9.7799997,10.10859,,,,441.27982,392.31113,474.09824,378.63318,873.04895,-.1123
1980,7,8.6499996,10.25,10.521623,,,,441.40097,391.53375,478.54825,379.35699,874.17249,.073700003
1980,8,10.24,11.1,11.096609,,,,442.12473,391.90582,481.62143,380.1929,873.65045,-.015799999
1980,9,11.52,11.51,11.244319,,,,442.96255,393.52063,483.88507,381.16119,874.42499,-.0469
1980,10,12.49,11.75,11.46956,,,,443.91156,394.76392,486.92386,382.12143,875.56305,-.17640001
1980,11,14.15,12.68,11.880488,,,,444.96854,396.49475,490.93369,383.02008,875.75934,.2915
1980,12,14.88,12.84,11.777737,,,,445.89877,397.05597,489.47559,383.74121,876.45764,.043699998
1981,1,14.08,12.57,11.768814,,,,446.82043,396.48413,489.10461,384.5939,877.24445,.3531
1981,2,14.57,13.19,12.420678,,,,447.73367,396.01138,485.47803,385.49136,877.81549,.1137
1981,3,13.71,13.12,12.610732,,,,448.41318,396.55658,489.17392,386.20166,878.73523,-.0135
1981,4,14.32,13.68,12.854605,,,,448.97592,396.1257,490.12567,386.75919,876.20557,.54119998
1981,5,16.200001,14.1,12.86074,,,,449.64706,396.69107,488.05881,387.30493,877.49579,.3527
1981,6,14.86,13.47,12.319055,,,,450.53497,397.16098,488.51099,387.79846,877.73297,.417
1981,7,15.72,14.28,12.893641,,,,451.63391,397.78931,486.06378,388.40482,878.54523,.4206
1981,8,16.719999,14.94,13.31719,,,,452.39603,397.77341,486.46805,389.06158,877.9032,.2818
1981,9,16.52,15.32,13.999152,,,,453.36743,397.17267,477.36578,389.74609,878.38568,.43720001
1981,10,15.38,15.15,14.25399,,,,453.68915,396.45624,478.58047,390.37354,876.54303,.5887
1981,11,12.41,13.39,13.038055,,,,454.11649,395.31573,481.19675,390.99429,877.88531,.2967
1981,12,12.85,13.72,13.218527,,,,454.43579,394.20068,481.8179,391.41068,876.65033,.60869998
1982,1,14.32,14.59,14.07694,,,,454.75412,392.18405,476.68558,391.94968,873.85028,.79619998
1982,2,14.73,14.43,13.757989,,,,455.07141,394.15411,474.04831,392.3219,875.12939,.57130003
1982,3,13.95,13.86,12.990191,,,,455.07141,393.40955,470.81073,392.68198,876.8158,.9404
1982,4,13.98,13.87,12.75959,,,,455.3877,392.51822,475.61966,392.93231,877.31104,.81879997
1982,5,13.34,13.62,12.74918,,,,456.3306,391.90085,475.47922,393.4957,873.95032,.77869999
1982,6,14.07,14.3,13.408268,,,,457.4711,391.59015,469.77286,394.11322,876.14484,.7482
1982,7,13.24,13.95,13.12619,,,,457.98523,391.28128,469.40714,394.61914,876.36835,.72860003
1982,8,11.43,13.06,12.603627,,,,458.19016,390.41422,469.72977,394.95004,874.07678,.1002
1982,9,10.85,12.34,11.908996,,,,458.19016,390.11319,480.78845,395.26602,875.83765,.54079998
1982,10,9.3199997,10.91,11.064025,,,,458.59872,389.20447,488.77859,395.76572,875.35254,.2642
1982,11,9.1599998,10.55,10.749026,,,,458.49673,388.82056,492.66046,396.08536,875.21472,.53460002
1982,12,8.9099998,10.54,10.715155,,,,458.19016,388.09079,493.72104,396.29422,876.02393,.74529999
1983,1,8.6199999,10.46,10.938024,,,,458.39465,389.99341,497.16568,396.69604,876.34393,.37220001
1983,2,8.9200001,10.72,11.092295,,,,458.49673,389.36349,498.94458,396.87036,877.22681,.31869999
1983,3,9.04,10.51,10.831335,,,,458.59872,390.17828,502.32825,396.99289,876.87256,.20909999
1983,4,8.9799995,10.4,10.71583,,,,459.30975,391.36316,505.93256,397.2901,878.47766,.098700002
1983,5,8.8999996,10.38,10.769586,,,,459.71381,392.05762,510.05536,397.50171,878.39014,-.086900003
1983,6,9.6599998,10.85,11.006209,,,,459.91522,392.65826,511.43344,397.79236,880.27112,.064499997
1983,7,10.2,11.38,11.557611,,,,460.31683,394.16129,511.82874,398.22668,880.24762,-.076800004
1983,8,10.53,11.85,11.966966,,,,460.61697,395.25485,509.01776,398.58371,880.97113,-.1522
1983,9,10.16,11.65,11.797814,,,,460.91623,396.74048,511.83722,398.89911,881.63586,-.062100001
1983,10,9.8100004,11.54,11.797405,,,,461.31384,397.56998,512.19067,399.11014,881.19049,-.061999999
1983,11,9.9399996,11.69,11.860969,,,,461.61102,397.9231,510.78143,399.31686,883.23419,.056899998
1983,12,10.11,11.83,11.951729,,,,461.90732,398.45166,510.17438,399.4827,884.4165,.119
1984,1,9.8999996,11.67,11.802872,,,,462.59528,400.40842,511.39493,399.90338,884.03656,.031300001
1984,2,10.04,11.84,11.933495,,,,463.0838,400.86014,505.73099,400.44385,885.14258,-.044199999
1984,3,10.59,12.32,12.408113,,,,463.37576,401.34671,505.91223,400.73477,885.52618,.0572
1984,4,10.9,12.63,12.646335,,,,463.76373,401.98203,506.01901,401.02509,885.57831,.1179
1984,5,11.66,13.41,13.339064,,,,463.95715,402.44693,505.18689,401.17969,887.26678,-.2483
1984,6,12.08,13.56,13.397343,,,,464.15021,402.8114,503.12531,401.39447,886.99976,-.0251
1984,7,12.03,13.36,13.202876,,,,464.53519,403.12735,501.85855,401.746,886.40784,-.1016
1984,8,11.82,12.72,12.446926,,,,464.82297,403.21979,510.26541,402.04916,888.93781,.1911
1984,9,11.58,12.52,12.071995,,,,465.10992,403.03961,511.28369,402.22443,887.31982,-.024599999
1984,10,10.9,12.16,11.832409,,,,465.49124,402.88153,510.48462,402.44287,888.0047,-.2017
1984,11,9.8199997,11.57,11.648026,,,,465.68134,403.26605,511.31454,402.6355,887.99298,-.093500003
1984,12,9.3299999,11.5,11.767,,,,465.87109,403.38141,510.3446,402.95084,888.94226,-.056299999
1985,1,9.0200005,11.38,11.756538,,,,466.06049,403.21164,514.41321,403.43726,888.26715,-.080499999
1985,2,9.29,11.51,11.728039,,,,466.62653,403.56485,519.80548,403.85269,889.98511,-.1209
1985,3,9.8599997,11.86,12.050958,,,,467.09579,403.71478,518.96735,404.16553,889.65161,.088799998
1985,4,9.1400003,11.43,11.876204,,,,467.2829,403.44565,519.59851,404.26294,890.07831,-.058400001
1985,5,8.46,10.85,11.510881,,,,467.46964,403.59772,522.06049,404.42749,890.23486,-.21870001
1985,6,7.8000002,10.16,10.74951,,,,467.74908,403.65689,524.11438,404.61938,890.27789,.14470001
1985,7,7.8600001,10.31,10.940782,,,,467.93497,403.00494,526.00824,404.79584,891.53931,.1125
1985,8,8.0500002,10.33,10.968063,,,,468.12048,403.41699,523.80701,405.04465,892.57526,.1047
1985,9,8.0699997,10.37,11.087742,,,,468.30566,403.85007,521.64435,405.20459,891.13397,.2097
1985,10,8.0100002,10.24,10.960168,,,,468.67502,403.43823,522.6665,405.38019,892.7038,.2617
1985,11,7.8800001,9.7799997,10.536263,,,,469.1348,403.7746,528.66833,405.59314,892.50714,.25330001
1985,12,7.6700001,9.2600002,10.102366,,,,469.59247,404.82202,533.39392,405.79919,892.17969,.032400001
1986,1,7.73,9.1899996,9.9528618,,,,469.95709,405.27496,533.90521,406.04761,892.65442,.27070001
1986,2,7.6100001,8.6999998,9.426074,,,,469.77493,404.60416,539.08282,406.09579,893.88824,-.1864
1986,3,7.0300002,7.7800002,8.3487854,,,,469.2265,403.91559,544.95062,406.09714,893.56366,.58410001
1986,4,6.4400001,7.3000002,7.7541771,,,,468.85919,403.99377,547.21753,406.20349,893.98907,.5406
1986,5,6.6500001,7.71,8.1775236,,,,469.1348,404.19629,547.49084,406.46689,893.50897,.0328
1986,6,6.73,7.8000002,8.4281521,,,,469.5011,403.85269,550.24585,406.75854,893.9281,.073899999
1986,7,6.27,7.3000002,8.1365137,,,,469.59247,404.40491,548.34882,406.74255,894.64648,.69260001
1986,8,5.9299998,7.1700001,8.1290474,,,,469.68375,404.27127,550.11981,406.8259,894.69879,.65649998
1986,9,5.77,7.4499998,8.5850573,,,,470.04803,404.47235,547.61951,407.07428,895.09198,.29890001
1986,10,5.7199998,7.4299998,8.6153774,,,,470.22968,404.92462,546.95618,407.26874,895.83435,.51099998
1986,11,5.8000002,7.25,8.3436832,,,,470.41101,405.39218,550.23859,407.44965,894.78101,.60720003
1986,12,5.8699999,7.1100001,8.1338634,,,,470.77267,406.21759,551.54883,407.58972,895.35858,.62889999
1987,1,5.7800002,7.0799999,8.0261898,,,,471.31274,405.90161,557.40381,407.92108,894.84332,.47850001
1987,2,5.96,7.25,8.0978422,,,,471.67114,407.18091,563.7901,408.18097,896.35712,.5248
1987,3,6.0300002,7.25,8.0043955,,,,472.02829,407.34647,567.83667,408.37622,896.88318,.38909999
1987,4,6.5,8.0200005,8.7055473,,,,472.47293,407.99347,566.71625,408.61905,897.07507,-.34490001
1987,5,7,8.6099997,9.1104002,,,,472.73877,408.62619,566.56799,408.7991,897.20203,.15710001
1987,6,6.8000002,8.3999996,8.9649773,,,,473.1803,409.09988,570.83179,409.06461,897.2038,.1224
1987,7,6.6799998,8.4499998,9.1137638,,,,473.44424,409.79248,573.61444,409.24838,897.55859,.2483
1987,8,7.0300002,8.7600002,9.3509045,,,,473.88266,410.61841,579.71454,409.55606,897.7431,.2445
1987,9,7.6700001,9.4200001,9.9973526,,,,474.23199,410.88736,576.38477,409.84875,898.85547,.25929999
1987,10,7.5900002,9.5200005,9.9438238,,,,474.49323,412.32056,563.53979,410.15436,899.14075,-.82870001
1987,11,6.96,8.8599997,9.3867102,,,,474.84042,412.86011,550.11145,410.37653,899.54352,.1486
1987,12,7.1700001,8.9899998,9.6777229,,,,475.01361,413.34692,548.66046,410.59384,900.38458,-.1002
1988,1,6.9899998,8.6700001,9.5057478,,,,475.35901,413.38971,552.27191,410.93649,899.55164,-.31510001
1988,2,6.6399999,8.21,9.2115946,,,,475.53128,413.82147,555.33636,411.11905,899.91699,.1068
1988,3,6.71,8.3699999,9.3859959,,,,475.78912,414.06253,558.26233,411.41702,901.19067,-.1543
1988,4,7.0100002,8.7200003,9.6962748,,,,476.38818,414.61224,557.00043,411.79391,901.07581,-.070799999
1988,5,7.4000001,9.0900002,9.9633617,,,,476.64383,414.50424,554.51721,412.08041,901.57129,-.0074999998
1988,6,7.4899998,8.9200001,9.5526505,,,,477.06845,414.76373,560.09473,412.48526,901.9433,.071199998
1988,7,7.75,9.0600004,9.7740002,,,,477.4913,414.81302,559.53784,412.96436,901.59558,-.229
1988,8,8.1700001,9.2600002,9.8053999,,,,477.91235,415.23917,557.49127,413.26663,902.31018,-.041299999
1988,9,8.0900002,8.9799995,9.4069901,,,,478.33163,414.95428,559.02826,413.638,902.35986,.1409
1988,10,8.1099997,8.8000002,9.2528448,,,,478.6658,415.44733,562.54449,413.84772,902.58447,.26679999
1988,11,8.4799995,8.96,9.2106447,,,,478.99887,415.60275,560.18689,414.05569,903.02173,.1129
1988,12,8.9899998,9.1099997,9.0602856,,,,479.33081,416.08701,562.24835,414.36664,904.435,.2394
1989,1,9.0500002,9.0900002,8.9368601,,,,479.7442,416.38116,565.27124,414.86169,904.83569,.204
1989,2,9.25,9.1700001,8.9486313,,,,480.0737,415.92892,568.40845,415.18961,904.17065,.11
1989,3,9.5699997,9.3599997,8.9618406,,,,480.56592,416.14734,567.86383,415.49362,904.00513,.3696
1989,4,9.3599997,9.1800003,8.8613005,,,,481.29971,416.23459,571.12579,415.93256,904.78906,.47569999
1989,5,8.9799995,8.8599997,8.7441816,,,,481.78592,415.52939,575.02301,416.22842,904.86945,.28380001
1989,6,8.4399996,8.2799997,8.2583323,,,,482.10876,415.57877,577.9903,416.47397,905.60907,.50209999
1989,7,7.8899999,8.0200005,8.2202148,,,,482.43057,414.68738,580.30902,416.77362,905.85925,.74900001
1989,8,8.1800003,8.1099997,8.1344604,,,,482.43057,415.58456,584.8194,416.89838,905.75537,.4262
1989,9,8.2200003,8.1899996,8.18818,,,,482.67123,415.2236,585.11523,417.12479,905.77094,.4869
1989,10,7.9899998,8.0100002,8.0943861,,,,483.15085,415.15848,585.04675,417.42734,905.7226,.5165
1989,11,7.77,7.8699999,7.9596095,,,,483.5488,415.49142,582.98169,417.61215,906.0932,.70139998
1989,12,7.7199998,7.8400002,7.8745651,,,,483.866,416.10977,585.36768,417.83862,906.03638,.5686
1990,1,7.9200001,8.21,8.2505474,,2.9000001,4.7766666,484.81165,415.43683,583.05774,418.35065,906.30859,.2929
1990,2,8.1099997,8.4700003,8.4727259,,1.7726852,4.2336421,485.20303,416.43433,580.08063,418.72131,907.28851,.42629999
1990,3,8.3500004,8.5900002,8.4923639,,1.8348806,4.3737841,485.67068,416.93298,582.44196,419.10181,907.5141,.45930001
1990,4,8.3999996,8.79,8.7025146,,2.0417142,4.4858141,485.90369,416.81757,582.44385,419.44095,907.40515,.078199998
1990,5,8.3199997,8.7600002,8.7341633,,2.2061965,4.6016026,486.05872,416.98044,585.91846,419.72092,907.65753,.096000001
1990,6,8.1000004,8.4799995,8.5155525,,2.0576086,4.5264492,486.67648,417.31158,588.71777,420.08542,907.17041,.2115
1990,7,7.9400001,8.4700003,8.6343479,,1.9903846,4.4923077,487.13733,417.19781,588.62048,420.25937,907.87115,.17299999
1990,8,7.7800002,8.75,9.1402216,,1.8398913,4.5213766,487.97672,417.50485,580.13507,420.66367,907.10901,-.1038
1990,9,7.7600002,8.8900003,9.4149837,,1.0093334,4.9386668,488.65826,417.64957,575.49951,420.99152,907.34564,.092399999
1990,10,7.5500002,8.7200003,9.2306824,,.66847825,5.1972828,489.33521,416.88983,572.72626,421.24316,906.58673,.31510001
1990,11,7.3099999,8.3900003,8.8791447,,.33958334,5.0743055,489.55984,415.70892,575.36182,421.35495,906.90698,.40380001
1990,12,7.0500002,8.0799999,8.5713949,,.20398551,5.0605073,489.93314,415.05011,579.54773,421.58792,906.08295,.389
1991,1,6.6399999,8.0900002,8.7366571,,-.375,4.6354165,490.30502,414.61697,578.59619,422.15283,906.00543,.42539999
1991,2,6.27,7.8499999,8.5373001,,-.083924487,4.4035277,490.37921,413.92941,589.33252,422.41672,906.26813,.35339999
1991,3,6.4000001,8.1099997,8.69098,,.21031746,4.3650298,490.37921,413.39899,592.0036,422.58167,905.68744,.28009999
1991,4,6.2399998,8.04,8.6951866,,.38394648,4.2785954,490.60153,413.59711,593.9342,422.76306,907.09814,.2264
1991,5,6.1300001,8.0699997,8.8629045,,.53007245,4.2417269,490.97095,414.59183,593.48389,423.11383,906.29645,.22130001
1991,6,6.3600001,8.2799997,8.9974699,,.84743083,4.1583171,491.2655,415.48438,593.56952,423.32721,906.74811,.1208
1991,7,6.3099999,8.2700005,8.9176912,,1.2381423,4.0942688,491.41245,415.57986,594.00031,423.5528,906.96637,.2402
1991,8,5.7800002,7.9000001,8.831109,,1.4305556,3.9743056,491.70569,415.65411,596.46362,423.78711,906.89899,.15880001
1991,9,5.5700002,7.6500001,8.6138306,,1.6842105,3.8877194,491.99808,416.53482,595.99738,424.05713,907.76294,.17290001
1991,10,5.3299999,7.5300002,8.613862,,1.849,3.7490001,492.14398,416.35471,595.81458,424.18979,907.41467,.1769
1991,11,4.8899999,7.4200001,8.7818155,,1.9311594,3.539855,492.58032,416.23288,595.4494,424.3342,907.69574,.2033
1991,12,4.3800001,7.0900002,8.6936283,,1.7003472,3.4152777,492.87018,415.82611,596.36072,424.49014,907.72797,.2154
1992,1,4.1500001,7.0300002,8.5543098,,1.58,3.3,492.94254,415.25507,603.09955,424.56708,908.10327,.085900001
1992,2,4.29,7.3400002,8.6662741,,1.74,3.2384176,493.15921,415.95218,602.23865,424.75574,908.87036,.1338
1992,3,4.6300001,7.54,8.4596272,,1.83125,3.2344246,493.51932,416.81726,600.97321,424.97821,909.5127,.076800004
1992,4,4.3000002,7.48,8.6307478,,2.1389999,3.2320001,493.73474,417.55496,601.07983,425.25348,909.67059,.073700003
1992,5,4.1900001,7.3899999,8.6187201,,2.3696811,3.2858551,493.94974,417.87332,602.77643,425.40491,909.3476,.0232
1992,6,4.1700001,7.2600002,8.6566458,,2.513587,3.3369401,494.23566,417.89261,601.19611,425.54663,910.80713,.0142
1992,7,3.5999999,6.8400002,8.7452822,,2.4782608,3.3413043,494.52075,418.78363,602.80804,425.74817,910.935,-.0603
1992,8,3.47,6.5900002,8.4958429,,2.4312153,3.2916667,494.73404,418.29367,603.53278,425.85889,910.79224,.1166
1992,9,3.1800001,6.4200001,8.5534334,,2.4722223,3.2430556,494.9469,418.53271,603.64941,426.02551,911.06482,.22310001
1992,10,3.3,6.5900002,8.5508242,,2.434,3.1900001,495.37122,419.27002,602.22638,426.34744,911.55481,.1418
1992,11,3.6800001,6.8699999,8.3311214,,2.3692307,3.0942307,495.65311,419.702,604.7738,426.55963,911.87555,.1046
1992,12,3.71,6.77,8.0953636,,2.6235332,3.1023333,495.79376,419.78497,607.72314,426.74408,912.30743,.1479
1993,1,3.5,6.5999999,8.0823116,,2.8074074,3.0777779,496.1445,420.20981,607.59216,426.95825,911.96936,.114
1993,2,3.3900001,6.2600002,7.8504314,,3.0052714,3.0674243,496.35437,420.64404,609.09625,427.10846,912.28131,.083700001
1993,3,3.3299999,5.98,7.6044478,,3.1781282,3.0598974,496.49402,420.54074,610.95898,427.28641,912.01324,.066399999
1993,4,3.24,5.9699998,7.6446209,,3.2373023,3.220911,496.84235,420.8414,609.36121,427.49979,912.34937,.079400003
1993,5,3.3599999,6.04,7.6169152,,3.1159999,3.1945,497.12012,420.51776,609.91534,427.77139,912.82281,.0528
1993,6,3.54,5.96,7.2623591,,2.8930631,3.288347,497.18945,420.69766,610.49213,427.90042,912.87122,-.038899999
1993,7,3.47,5.8099999,7.0219193,,2.8515217,3.2650001,497.32794,421.00305,610.30518,428.14059,912.54578,-.043299999
1993,8,3.4400001,5.6799998,6.8891568,,2.7876065,3.2573576,497.53534,420.89938,611.83734,428.35019,913.08807,-.054200001
1993,9,3.3599999,5.3600001,6.5541096,,2.7043478,3.2150724,497.67337,421.37442,612.97687,428.47974,913.92548,.039799999
1993,10,3.3900001,5.3299999,6.4824424,,2.7287879,3.0613637,498.0863,422.12915,613.96667,428.70087,913.57971,-.0253
1993,11,3.5799999,5.7199998,6.849195,,2.8161459,3,498.36066,422.55029,613.74335,428.86972,914.87799,-.111
1993,12,3.6099999,5.77,6.849668,,2.8531251,2.9252603,498.56592,423.08215,614.4198,428.96356,915.17029,-.1353
1994,1,3.54,5.75,6.8416367,,3.0406251,2.8499999,498.56592,423.45398,615.90741,429.09232,915.21619,-.2128
1994,2,3.8699999,5.9699998,6.9991946,,3.2388673,2.8620782,498.83896,423.47122,615.56665,429.32404,915.66504,-.40419999
1994,3,4.3200002,6.48,7.436522,,3.4494445,2.9255555,499.11127,424.50351,613.94617,429.56534,915.74365,-.29319999
1994,4,4.8200002,6.9699998,7.7929473,,3.5191667,2.8858333,499.17923,425.02792,610.34094,429.68256,916.17596,-.2538
1994,5,5.3099999,7.1799998,7.8562617,,3.3955555,2.9677777,499.38281,425.55814,611.18835,429.80774,917.53479,-.25569999
1994,6,5.27,7.0999999,7.7817912,,3.3553762,2.9432795,499.65363,426.19473,611.99078,429.98431,917.0379,-.30399999
1994,7,5.48,7.3000002,7.9759102,,3.2935483,2.9758065,499.99112,426.35175,611.17975,430.19827,917.22626,-.27399999
1994,8,5.5599999,7.2399998,7.8414044,,3.1483333,3.0358334,500.39462,426.93463,614.04071,430.37961,917.83087,-.23370001
1994,9,5.7600002,7.46,8.0930614,,3.0483871,3.1225805,500.59576,427.2955,614.66223,430.51678,917.37897,-.3651
1994,10,6.1100001,7.7399998,8.2549152,,2.9577587,3.1948276,500.66272,428.14865,613.94861,430.71695,918.3399,-.27129999
1994,11,6.54,7.96,8.2631855,,2.9654763,3.3148808,500.93011,428.77408,613.23456,430.93893,918.34192,-.22229999
1994,12,7.1399999,7.8099999,7.8469286,,3.0911458,3.2789063,501.13019,429.80511,612.12012,431.08395,919.11835,-.16590001
1995,1,7.0500002,7.7800002,7.8627801,,3.0799999,3.3066666,501.3963,429.9855,614.19904,431.31677,919.32104,-.2102
1995,2,6.6999998,7.4699998,7.6556387,,3.0737536,3.1547959,501.66174,429.84943,617.7796,431.49539,918.41095,-.25139999
1995,3,6.4299998,7.1999998,7.5453634,,3.0296798,3.1853037,501.86035,429.98602,620.0802,431.64334,918.91669,-.25569999
1995,4,6.27,7.0599999,7.4627104,,3.02703,3.236752,502.25638,429.96771,623.04083,431.80496,918.84052,-.2068
1995,5,6,6.6300001,7.0227137,,2.9011905,3.2285714,502.45383,430.25208,626.11035,431.92657,918.98987,-.30329999
1995,6,5.6399999,6.1700001,6.6470275,,2.7638888,3.2444444,502.65088,430.5943,629.0354,432.04358,919.69043,-.1151
1995,7,5.5900002,6.2800002,6.76682,,2.6596775,3.2451613,502.78201,430.19641,632.23199,432.21378,919.47748,-.28569999
1995,8,5.75,6.4899998,6.9447088,,2.6700001,3.1975,502.97842,431.45544,632.6322,432.43228,919.83112,-.1794
1995,9,5.6199999,6.1999998,6.6452451,,2.7064517,3.135484,503.10913,431.84943,635.96442,432.54932,920.63,-.149
1995,10,5.5900002,6.04,6.4036379,,2.7342594,2.9870369,503.37006,431.7388,636.80249,432.77679,920.54041,-.1109
1995,11,5.4299998,5.9299998,6.3381333,,2.7966666,2.8677778,503.50027,431.99146,638.96533,432.8475,920.49567,-.0274
1995,12,5.3099999,5.71,6.1224098,,2.7193334,2.9070513,503.63031,432.37683,642.07013,433.04654,920.94476,-.031500001
1996,1,5.0900002,5.6500001,6.1742425,,2.6826086,2.7846153,504.14877,431.72522,642.07623,433.27271,921.18018,-.080399998
1996,2,4.9400001,5.8099999,6.50283,,2.0484514,2.7418334,504.3425,433.27444,647.6134,433.41342,921.13,-.30689999
1996,3,5.3400002,6.27,6.8487239,,1.9982052,2.7177179,504.66458,433.16855,647.24524,433.60364,921.43756,-.3186
1996,4,5.54,6.5100002,7.0344453,,2.0321429,2.8254464,505.04968,434.0694,647.32233,433.75339,922.97339,-.26949999
1996,5,5.6399999,6.7399998,7.1961455,,2.2064102,2.9551282,505.24167,434.8042,649.5238,433.84103,922.63171,-.29640001
1996,6,5.8099999,6.9099998,7.2690201,,2.2258334,2.925,505.43332,435.63165,650.50348,433.83649,923.27771,-.25580001
1996,7,5.8499999,6.8699999,7.1771135,,2.2462964,2.9611111,505.62457,435.45926,646.97186,433.98474,923.68127,-.30219999
1996,8,5.6700001,6.6399999,6.9657717,,2.2833333,2.9885802,505.75189,436.05539,649.62958,434.05603,923.77252,-.3691
1996,9,5.8299999,6.8299999,7.2066751,,2.3702381,3.0416667,506.06946,436.73926,651.29248,434.23431,924.05347,-.3691
1996,10,5.5500002,6.5300002,6.9293227,,2.3517857,3.0035715,506.38602,436.67139,655.3158,434.42529,925.18781,-.3114
1996,11,5.4200001,6.1999998,6.5755525,,2.3499999,2.9895833,506.70157,437.53583,660.20306,434.59619,925.06879,-.27270001
1996,12,5.4699998,6.3000002,6.6467333,,2.3472223,2.9262345,506.95331,438.18127,661.15118,434.77591,924.31055,-.38
1997,1,5.6100001,6.5799999,6.8931379,,2.404,2.944,507.14166,438.30722,664.00183,435.01663,925.1106,-.28929999
1997,2,5.5300002,6.4200001,6.7510557,,2.6119599,2.9441895,507.32971,439.50452,668.32263,435.25616,925.73285,-.4278
1997,3,5.8000002,6.6900001,7.0066352,,2.5992064,2.9626639,507.3923,440.20682,667.36584,435.3765,925.64886,-.43720001
1997,4,5.9899998,6.8899999,7.1620998,,2.7379999,2.8879583,507.45486,440.23291,663.84735,435.43903,926.88678,-.38479999
1997,5,5.8699999,6.71,6.9885764,,2.9736111,2.9291666,507.45486,440.83167,672.59009,435.44379,926.57733,-.41029999
1997,6,5.6900001,6.4899998,6.7981143,,2.9403846,2.8442638,507.6423,441.32007,677.5694,435.58038,927.42792,-.49599999
1997,7,5.54,6.2199998,6.5041866,,2.9173076,2.6826923,507.76706,442.06918,682.97174,435.69977,927.95453,-.4666
1997,8,5.5599999,6.3000002,6.6366143,,2.7621212,2.6064394,508.01614,443.11655,683.27472,435.81854,927.98645,-.45609999
1997,9,5.52,6.21,6.5702333,,2.852381,2.5880952,508.26459,444.01459,684.08856,436.01208,928.62952,-.51450002
1997,10,5.46,6.0300002,6.3767729,,2.8812499,2.4958334,508.4505,444.86624,685.76807,436.1261,928.95398,-.36219999
1997,11,5.46,5.8800001,6.1107388,,2.7865384,2.4878206,508.57428,445.73672,684.54114,436.1781,928.65833,-.29359999
1997,12,5.5300002,5.8099999,5.9674363,,2.6796296,2.4277778,508.63611,446.04474,686.80536,436.2243,929.17004,-.36880001
1998,1,5.2399998,5.54,5.857305,,2.5714285,2.2,508.75964,446.55194,687.06726,436.31839,928.88977,-.31
1998,2,5.3099999,5.5700002,5.9315157,,2.6243298,2.1216199,508.75964,446.66974,693.10413,436.33029,930.17188,-.29539999
1998,3,5.3899999,5.6500001,5.933032,,2.5712879,2.0255411,508.75964,446.7532,698.17725,436.36798,930.55341,-.33950001
1998,4,5.3800001,5.6399999,5.9266953,,2.6592391,1.96875,508.88303,447.10638,701.40302,436.46317,930.43927,-.41729999
1998,5,5.4400001,5.6500001,5.9438,,2.8177865,1.9822637,509.12933,447.74777,701.07764,436.58789,930.48102,-.3705
1998,6,5.4099998,5.5,5.7182093,,2.8310001,2.0222085,509.25226,447.11484,701.06647,436.59314,931.47778,-.34549999
1998,7,5.3600001,5.46,5.6715817,,2.7652173,2.0913043,509.49765,446.76123,705.28381,436.82343,931.41748,-.2983
1998,8,5.21,5.3400002,5.5598717,,2.7079999,2.1133332,509.62012,448.79169,697.97229,436.96899,931.74835,.085100003
1998,9,4.71,4.8099999,5.3108191,,2.5397437,2.1397436,509.6813,448.61389,692.61005,436.9689,932.98523,.062100001
1998,10,4.1199999,4.5300002,5.362443,,2.3518519,2.1472223,509.92566,449.4079,693.97095,437.12662,933.45715,.1954
1998,11,4.5300002,4.8299999,5.4452577,,2.275641,2.1246154,510.04761,449.35211,704.44293,437.1962,933.93005,.19419999
1998,12,4.52,4.6500001,5.2899365,,2.4173076,2.0509615,510.23026,449.73187,708.30737,437.37793,933.52722,.053300001
1999,1,4.5100002,4.7199998,5.4659419,.88119477,2.444,1.988,510.41257,450.19107,712.89624,437.65414,933.80249,.057
1999,2,4.6999998,5,5.6909423,1.2080631,3.0002761,2.0572636,510.41257,450.72076,712.75018,437.73276,934.25555,-.1806
1999,3,4.7800002,5.23,5.9345303,1.2912478,3.1497779,2.0076048,510.47327,450.90005,715.59143,437.80484,935.03375,-.1513
1999,4,4.6900001,5.1799998,5.8901429,1.2402858,3.1443181,2.1176136,511.13852,451.15536,719.51062,438.0589,934.86932,-.1999
1999,5,4.8499999,5.54,6.1597209,1.6677474,3.3346825,2.1571429,511.19879,451.88614,719.34113,438.06458,935.16925,-.19509999
1999,6,5.0999999,5.9000001,6.448791,1.9915545,3.2916667,2.2974637,511.19879,451.72327,718.73193,438.07629,935.13733,-.142
1999,7,5.0300002,5.79,6.4274473,1.7554579,3.3121541,2.2809289,511.61957,452.3512,723.08923,438.2616,936.01953,-.086499996
1999,8,5.1999998,5.9400001,6.6133409,1.8908546,3.142556,2.3482213,511.85925,452.7601,719.10443,438.39063,935.96301,-.032499999
1999,9,5.25,5.9200001,6.7363095,1.8286048,3.0848484,2.3651514,512.27728,452.36337,718.53473,438.62964,936.66101,.098200001
1999,10,5.4299998,6.1100001,6.91961,1.994421,3.1113636,2.4465909,512.45593,453.66623,717.01245,438.74731,937.3067,.1141
1999,11,5.5500002,6.0300002,6.6590452,1.9035,3.2492423,2.5055556,512.63422,454.14206,723.8631,438.84277,937.96185,.071900003
1999,12,5.8400002,6.2800002,6.9089956,1.9743046,3.401736,2.5525362,512.87146,454.90665,726.54095,439.06293,938.44177,-.15369999
2000,1,6.1199999,6.6599998,7.0106649,2.2256701,3.6333334,2.5913043,513.16724,454.90845,726.36584,439.3317,937.57074,.022500001
2000,2,6.2199998,6.52,6.5880198,2.3731849,3.8366468,2.6164088,513.57983,455.19644,723.47797,439.62103,938.03687,.090899996
2000,3,6.2199998,6.2600002,6.3707218,2.3462305,4.1199579,2.6225543,514.16638,455.59622,727.39343,439.98416,938.64972,.33770001
2000,4,6.1500001,5.9899998,6.1354108,2.2710104,4.1941538,2.7436538,514.10785,456.32236,728.62006,440.01773,939.86108,.4955
2000,5,6.3299999,6.4400001,6.4917727,2.499959,4.2705536,2.8538866,514.28326,456.50677,725.6098,440.15823,939.8576,.68589997
2000,6,6.1700001,6.0999999,6.1881819,2.2213726,4.166441,2.9079061,514.86566,456.59802,728.7533,440.45679,940.17212,.72710001
2000,7,6.0799999,6.0500002,6.1273499,2.17044,3.9749999,2.9041667,515.15558,456.45972,729.49463,440.69727,939.56561,.7931
2000,8,6.1799998,5.8299999,5.9286609,2.0307434,4.0979166,2.8736112,515.15558,456.14084,730.34784,440.7645,940.45575,.95209998
2000,9,6.1300001,5.8000002,6.1117249,1.937325,4.1561403,2.9403508,515.67535,456.54987,729.34015,441.10867,940.13898,1.0555
2000,10,6.0100002,5.7399998,6.0677047,1.8780428,3.9947917,2.8760417,515.84802,456.24976,723.71625,441.25372,940.76172,1.4413
2000,11,6.0900002,5.7199998,5.9791617,1.8943334,3.7050724,2.815942,516.02039,456.26706,722.44928,441.39438,940.77631,1.5232
2000,12,5.5999999,5.2399998,5.6480451,1.47461,3.1724637,2.7166667,516.24976,455.99542,719.27399,441.52908,940.28699,1.5137
2001,1,4.8099999,5.1599998,5.7926621,1.5700049,2.5956521,2.652174,516.82086,455.33493,719.60938,441.8624,940.56061,1.0968
2001,2,4.6799998,5.0999999,5.7660265,1.7120421,2.1628473,2.5520203,517.0484,454.72125,717.43732,442.03476,940.24994,1.1246001
2001,3,4.3000002,4.8899999,5.6961637,1.5901227,2.1554294,2.6582701,517.10522,454.46332,707.82159,442.16095,940.14044,1.0707
2001,4,3.98,5.1399999,6.0943651,1.7346801,2.0860715,2.7550001,517.27539,454.22952,708.1319,442.4411,940.86755,.89160001
2001,5,3.78,5.3899999,6.2928319,2.1261683,2.2902777,2.9054348,517.7843,453.56088,714.73212,442.74884,941.35797,.73019999
2001,6,3.5799999,5.2800002,6.2168713,2.0198143,2.3035278,2.9802778,518.00964,452.94299,712.1828,442.97629,940.61841,.9612
2001,7,3.6199999,5.2399998,6.1533046,1.7856857,2.2685673,2.784503,517.8407,452.36575,709.49097,443.03745,940.48901,.71869999
2001,8,3.47,4.9699998,6.0106306,1.5988653,2.379282,2.7463205,517.8407,452.18137,707.20013,443.11722,941.53583,.70480001
2001,9,2.8199999,4.73,6.1218238,1.3082765,2.3072464,2.5848484,518.2345,451.8299,696.47693,442.99399,940.06848,1.1468
2001,10,2.3299999,4.5700002,5.9967818,1.1963136,1.1592106,2.3180556,517.95337,451.38025,698.15546,443.31158,940.56885,.97610003
2001,11,2.1800001,4.6500001,6.0299797,1.14816,.80000001,2.0696969,517.89703,450.85425,702.99884,443.35825,940.46216,-.17839999
2001,12,2.22,5.0900002,6.494525,1.2406451,.90863097,1.8068452,517.8407,450.90018,704.30872,443.38495,942.14069,.38100001
2002,1,2.1600001,5.04,6.4036856,1.2772524,.9392857,1.625,518.00964,451.46664,703.87842,443.52576,942.35345,.53390002
2002,2,2.23,4.9099998,6.3203683,1.3949211,1.7332057,1.4886552,518.17834,451.48865,700.3833,443.66736,941.61047,.72049999
2002,3,2.5699999,5.2800002,6.5848103,1.77749,2.3551266,1.5884601,518.45886,452.29337,705.05438,443.81888,942.14783,.23649999
2002,4,2.48,5.21,6.4707227,1.931259,2.8108091,1.7698607,518.90607,452.69815,701.39465,444.00665,942.41205,.37900001
2002,5,2.3499999,5.1599998,6.4673729,1.8788818,3.0451357,1.8864198,519.01752,453.13342,698.42206,444.01865,942.45538,.48640001
2002,6,2.2,4.9299998,6.3037949,1.609315,3.0721052,2.0502236,519.07324,454.07779,692.17047,444.10788,942.88953,.8818
2002,7,1.96,4.6500001,6.1981225,1.4181727,3.1696429,2.0821428,519.29572,453.84543,680.87982,444.29599,943.36108,1.4642
2002,8,1.76,4.2600002,5.9781499,1.3163273,2.7981801,2.0627873,519.57306,453.87793,681.62463,444.48831,942.78613,1.3775001
2002,9,1.72,3.8699999,5.5646048,1.259045,2.8493433,2.0610015,519.73914,454.02219,676.86194,444.68115,943.04376,1.5314
2002,10,1.65,3.9400001,5.7645955,1.1477864,2.8767858,2.1294644,519.96014,453.68979,675.06702,444.89832,942.92236,1.3714
2002,11,1.49,4.0500002,5.7934527,1.1288947,2.6095238,2.068254,520.12555,454.19727,681.48785,445.03876,943.13141,1.0177
2002,12,1.45,4.0300002,5.8038144,1.1779,2.664423,2.0919871,520.29071,453.70959,680.1142,445.14618,943.4895,.86309999
2003,1,1.36,4.0500002,5.8174381,1.3751762,2.6962962,2.2296295,520.7298,454.28384,679.72693,445.34872,943.41681,.8301
2003,2,1.3,3.9000001,5.6265683,1.6295,2.6823688,2.2119286,521.27594,454.60123,673.04004,445.66989,944.19177,.59420002
2003,3,1.24,3.8099999,5.5301571,1.6736333,2.6481481,2.281713,521.43921,454.37372,674.12537,445.90967,943.51617,.078000002
2003,4,1.27,3.96,5.6530619,1.5408238,2.6509545,2.2929544,521.05786,453.65338,679.14319,445.90915,944.37585,.0163
2003,5,1.1799999,3.5699999,5.2061143,1.3233905,2.7088695,2.2858551,520.89398,453.67328,684.14423,445.92184,944.26715,-.58929998
2003,6,1.01,3.3299999,4.9804478,1.3088572,2.8355236,2.129781,521.00323,453.81955,689.56781,446.05521,945.24841,-.42950001
2003,7,1.12,3.98,5.7158046,1.5042,2.9407408,1.9666667,521.33038,454.23837,689.99646,446.26917,945.80634,-1.0964
2003,8,1.3099999,4.4499998,6.2487998,1.8101286,3.1470239,1.9074404,521.76495,454.04941,689.72321,446.51917,946.22961,-.19660001
2003,9,1.24,4.27,6.0395951,1.8039,3.4846153,1.9320513,522.0896,454.6759,692.65009,446.7562,946.81982,-.58139998
2003,10,1.25,4.29,6.0263863,1.9146591,3.6482143,1.8660715,521.98151,454.8009,694.57581,446.80032,947.22388,-.52029997
2003,11,1.34,4.3000002,5.9138446,1.9629111,4.0240741,1.8407408,522.03558,455.62152,695.68579,446.95447,947.62323,-.54180002
2003,12,1.3099999,4.27,5.8417182,1.9741955,4.3158336,1.8047222,522.30548,455.5502,698.58441,447.20901,947.55188,-.4955
2004,1,1.24,4.1500001,5.7330198,1.99392,4.6185184,1.6185185,522.73584,455.7485,703.1665,447.57562,947.31293,-.70880002
2004,2,1.24,4.0799999,5.6462684,2.1727843,4.5381961,1.569706,522.95032,456.35437,704.18304,447.86746,948.25323,-.32820001
2004,3,1.1900001,3.8299999,5.3935132,2.2381477,4.4781189,1.7376429,523.16431,455.86423,702.46307,448.12546,948.66077,-.51599997
2004,4,1.4299999,4.3499999,5.8737764,2.3109858,4.3633814,1.8520833,523.32452,456.2944,703.29437,448.38931,948.56073,-.7367
2004,5,1.78,4.7199998,6.1409349,2.467675,4.3458204,2.148519,523.75055,457.10672,700.63635,448.73428,949.35779,-.3466
2004,6,2.1199999,4.73,6.0599141,2.4821999,4.2897463,2.3434975,524.12177,456.28763,703.25586,449.04355,948.61328,-.35969999
2004,7,2.0999999,4.5,5.7972431,2.3638477,4.1218171,2.4194179,524.2276,457.04764,700.91693,449.20645,949.75739,-.3026
2004,8,2.02,4.2800002,5.5879636,2.3196092,3.9475071,2.5222867,524.28046,457.12897,699.29553,449.31873,949.74957,-.4201
2004,9,2.1199999,4.1300001,5.3660479,2.2160666,3.7392473,2.4638176,524.59711,457.20786,701.88251,449.48386,949.65302,-.5564
2004,10,2.23,4.0999999,5.30404,2.343075,3.7197428,2.4143972,525.12256,458.14963,701.93579,449.75168,950.54614,-.53189999
2004,11,2.5,4.1900001,5.2842951,2.5818851,3.5509558,2.426182,525.59314,458.33612,706.43481,450.06754,950.4903,-.66100001
2004,12,2.6700001,4.23,5.2402453,2.608891,3.5960991,2.5205562,525.59314,459.05591,708.98151,450.28967,950.64679,-.71539998
2005,1,2.8599999,4.2199998,5.0390401,2.5427101,3.5757473,2.4940107,525.54102,459.51401,707.45874,450.59262,951.81567,-.70609999
2005,2,3.03,4.1700001,4.8126211,2.6487684,3.4780457,2.3746738,525.95764,460.19058,708.98474,450.9758,951.39258,-.94779998
2005,3,3.3,4.5,5.0894909,2.8608999,3.6499071,2.4685445,526.3208,460.03397,708.49609,451.2995,951.64276,-.65689999
2005,4,3.3199999,4.3400002,4.9250193,2.7622049,3.6418142,2.62604,526.63104,460.16821,705.99811,451.55347,951.92743,-.44580001
2005,5,3.3299999,4.1399999,4.6621141,2.5684142,3.371525,2.7265024,526.57941,460.33264,707.25983,451.68622,951.6944,-.352
2005,6,3.3599999,4,4.4245319,2.3648818,3.3848844,2.7676172,526.63104,460.73996,709.19543,451.80295,952.68292,-.51359999
2005,7,3.6400001,4.1799998,4.5374699,2.3153751,3.3973343,2.7545271,527.24866,460.41666,710.73547,452.15552,952.90485,-.6099
2005,8,3.8699999,4.2600002,4.5688305,2.4013653,3.4565175,2.706424,527.86249,460.61948,711.01001,452.49591,953.39154,-.6182
2005,9,3.8499999,4.1999998,4.5762858,2.5973618,3.3535178,2.9196618,529.22992,458.76617,711.11499,453.18042,952.59491,-.50669998
2005,10,4.1799998,4.46,4.7865353,2.6243501,3.3358123,3.0571761,529.38074,460.01065,708.33582,453.33722,953.03967,-.3978
2005,11,4.3299999,4.54,4.8631749,2.4788499,3.3347402,3.0932779,528.8772,461.02859,712.17792,453.30023,953.42493,-.3721
2005,12,4.3499999,4.4699998,4.7530427,2.3013904,3.430593,3.0030119,528.8772,461.62268,714.07471,453.46664,954.26404,-.35499999
2006,1,4.4499998,4.4200001,4.6449747,2.4054899,3.3791516,2.8406849,529.48114,461.74081,715.28522,453.94464,954.31348,-.40920001
2006,2,4.6799998,4.5700002,4.6872792,2.6027842,3.2249501,2.831383,529.53131,461.78445,715.24054,454.1358,954.57977,-.37400001
2006,3,4.77,4.7199998,4.9066086,2.6070521,3.2816424,2.7984352,529.68164,461.9715,716.52936,454.36938,955.44635,-.44220001
2006,4,4.9000001,4.9899998,5.2457209,2.6170843,3.2315619,2.7581909,530.18115,462.40036,717.12964,454.72717,954.92969,-.47549999
2006,5,5,5.1100001,5.3912816,2.695941,3.2218621,2.9065807,530.47961,462.26062,716.2066,454.95258,955.15808,-.36919999
2006,6,5.1599998,5.1100001,5.3044772,2.5989454,3.1603174,2.9999452,530.72772,462.62503,713.33929,455.17532,955.08319,-.41069999
2006,7,5.2199998,5.0900002,5.254375,2.5650549,3.1124644,2.9746618,531.2713,462.59421,713.98108,455.46225,954.69794,-.32010001
2006,8,5.0799999,4.8800001,5.0837827,2.5187173,2.9825072,3.1145751,531.71393,462.94003,716.01868,455.75632,955.0871,-.3459
2006,9,4.9699998,4.7199998,4.9461598,2.26458,2.8940721,2.963275,531.22205,462.76682,718.34778,455.72455,955.45465,-.421
2006,10,5.0100002,4.73,4.9235096,2.1424904,2.8102932,2.7620146,530.77728,462.72241,721.77252,455.71255,955.62799,-.44049999
2006,11,5.0100002,4.5999999,4.7610478,2.1308763,2.6111968,2.4583371,530.82678,462.63629,723.66455,455.90833,956.15039,-.41690001
2006,12,4.9400001,4.5599999,4.7594452,2.20069,2.4238219,2.0647283,531.36987,463.68539,725.56976,456.36798,955.70276,-.53130001
2007,1,5.0599999,4.7600002,4.9181142,2.2410047,2.4226139,1.8046317,531.53564,463.19379,726.1181,456.7868,955.73956,-.58279997
2007,2,5.0500002,4.7199998,4.8990369,2.3208632,2.6915817,1.7897234,531.92273,464.21375,727.60944,457.13571,956.26147,-.60930002
2007,3,4.9200001,4.5599999,4.8417726,2.3963819,2.5264289,1.9450929,532.44141,464.39465,724.91809,457.41422,955.61401,-.39719999
2007,4,4.9299998,4.6900001,4.9882236,2.4347477,2.4594796,2.1264391,532.74103,465.11728,728.80396,457.51288,956.47839,-.3989
2007,5,4.9099998,4.75,4.98595,2.3608909,2.3336806,2.3606524,533.15344,465.15833,732.07495,457.68173,956.76031,-.62040001
2007,6,4.96,5.0999999,5.3365808,2.3141191,2.4104829,2.49261,533.38489,465.16537,732.28339,457.81848,956.72369,-.41890001
2007,7,4.96,5,5.3112764,2.2066524,2.4595852,2.53216,533.56274,465.12051,732.70538,457.93445,956.59094,-.033399999
2007,8,4.4699998,4.6700001,5.1997132,1.9813043,2.3438482,2.5377505,533.59357,465.31238,728.24982,457.96753,957.53021,.084600002
2007,9,4.1399999,4.52,5.1496263,1.9781842,2.2607551,2.4283426,534.01642,465.65894,731.05237,458.14709,957.8938,.0125
2007,10,4.0999999,4.5300002,5.174264,2.0859864,2.2598295,2.3890865,534.32428,465.17865,733.93158,458.22089,957.44678,-.080399998
2007,11,3.5,4.1500001,5.0356798,2.243325,2.2635813,2.6120541,535.10712,465.70935,728.70587,458.4834,957.58618,.252
2007,12,3.26,4.0999999,5.1970201,2.1544499,2.1057427,2.6037169,535.39648,465.70157,729.98297,458.65308,957.87762,.3937
2008,1,2.71,3.74,5.0084238,2.0970619,1.973438,2.8176489,535.74066,465.41461,723.00781,458.87048,957.79584,.62669998
2008,2,2.05,3.74,5.2845798,2.1419599,1.7024245,2.7911587,535.98218,465.08517,721.12909,459.01691,956.20105,.82959998
2008,3,1.54,3.51,5.24823,2.170145,1.5460279,3.2551994,536.33929,464.84012,718.35223,459.17618,956.58783,1.0456001
2008,4,1.74,3.6800001,5.1558228,2.160491,1.519968,3.2487826,536.5705,464.09262,722.29083,459.24606,956.86578,.5636
2008,5,2.0599999,3.8800001,5.1587429,2.3842571,1.5373347,3.3182423,537.16052,463.58719,724.5639,459.4498,956.90277,.59429997
2008,6,2.4200001,4.0999999,5.257338,2.4948809,1.5738147,3.3610289,538.20288,463.42279,720.1358,459.82437,958.29431,.69239998
2008,7,2.28,4.0100002,5.2226229,2.4137909,1.5046719,3.5507174,538.91449,462.8956,713.69354,460.0351,957.58575,.95450002
2008,8,2.1800001,3.8900001,5.1605382,1.9306142,1.4857483,3.5620785,538.7655,461.4006,715.57648,460.09344,957.15015,1.0999
2008,9,1.91,3.6900001,5.1207571,1.3031952,1.5145681,3.432909,538.85101,456.99979,710.66064,460.44705,955.97015,1.6214
2008,10,1.42,3.8099999,6.1060452,-.042740908,.38798317,2.8525698,537.98743,457.94031,687.6059,460.56326,955.10864,3.1241
2008,11,1.0700001,3.53,6.1228223,-1.1551944,-.28184009,1.8499852,536.20105,456.70456,678.3634,460.22867,955.58624,2.6445999
2008,12,.49000001,2.4200001,4.5306411,-1.4063091,-1.1001041,.6089493,535.37427,453.7356,677.66809,460.19983,953.54053,2.7451
2009,1,.44,2.52,4.6832952,-.61142498,-1.7613083,-.52454042,535.62701,451.34024,676.45605,460.47549,953.63348,2.4233
2009,2,.62,2.8699999,5.0484424,.19908947,-1.7550329,-.66208434,535.9906,450.68835,669.24658,460.69382,953.45984,2.8929
2009,3,.63999999,2.8199999,4.8033729,.25223637,-2.0632558,-.51071179,535.89185,449.07834,662.95306,460.56082,953.10718,2.4247999
2009,4,.55000001,2.9300001,4.8054142,.60078096,-1.6172755,-.15184747,535.99249,448.17316,674.35126,460.42169,953.08112,2.0339999
2009,5,.5,3.29,5.3583498,.81515002,-1.3254508,.0068046148,536.13953,447.09802,680.42542,460.30472,953.32404,1.1943001
2009,6,.50999999,3.72,5.73,1.3130363,-.82887411,.34750414,536.96606,446.6655,683.09985,460.51071,953.29132,.77600002
2009,7,.47999999,3.5599999,5.5675273,1.024841,-.27008724,.61035281,536.93628,447.7121,683.95923,460.33975,953.16779,.19400001
2009,8,.46000001,3.5899999,5.4544902,1.0451809,.26002669,.84723485,537.27057,448.81125,691.74329,460.40137,953.75397,-.065499999
2009,9,.40000001,3.4000001,5.2445192,1.1519858,.77130353,1.0860816,537.46344,449.5611,695.1344,460.43008,953.78009,-.042399999
2009,10,.37,3.3900001,5.1870904,1.337738,1.323153,1.3067704,537.76318,449.88492,697.32281,460.58252,954.93866,-.2261
2009,11,.31,3.4000001,5.3346419,1.5860263,1.8544805,1.629127,538.09753,450.29282,699.216,460.71439,954.58514,-.082400002
2009,12,.37,3.5899999,5.5389228,1.7260864,2.2494898,1.9273069,538.14954,450.56427,701.24554,460.7619,953.93152,-.52429998
2010,1,.34999999,3.73,5.6313157,1.9069,2.9102645,2.2224553,538.21436,451.70337,702.42767,460.91861,954.61359,-.2218
2010,2,.34999999,3.6900001,5.6477842,1.8361,3.103195,2.2627313,538.11914,452.06879,699.31622,461.00482,954.8056,-.015900001
2010,3,.40000001,3.73,5.5751781,1.8340956,3.1098263,2.1352966,538.15228,452.76346,704.92963,461.19092,955.48157,-.14470001
2010,4,.44999999,3.8499999,5.5782681,1.9694409,3.1309497,2.0197482,538.17529,453.1825,708.78375,461.33176,955.84167,-.27419999
2010,5,.37,3.4200001,5.1556249,1.7346801,3.2319522,1.9858766,538.12329,454.67398,702.55945,461.48523,955.85278,-.1867
2010,6,.31999999,3.2,4.9181089,1.5369409,3.2012329,1.7000076,538.08142,454.86591,698.78235,461.62292,956.27832,-.0383
2010,7,.28999999,3.01,4.734262,1.3105571,3.0516789,1.5972766,538.26813,455.32629,698.45337,461.77939,956.729,.1234
2010,8,.25999999,2.7,4.3077002,1.2235454,2.8164883,1.4835,538.41418,455.74338,699.14362,461.94708,956.42706,-.40669999
2010,9,.25999999,2.6500001,4.2695665,1.2253429,2.516362,1.4659685,538.57556,456.02386,702.29413,462.08093,956.83167,-.075000003
2010,10,.23,2.54,4.2546148,1.496805,2.4507227,1.5136842,538.92316,455.78531,706.61121,462.30231,957.41486,-.031500001
2010,11,.25,2.76,4.5325398,1.565995,2.4397905,1.4615594,539.17621,455.82495,708.91504,462.44257,956.99268,-.16670001
2010,12,.28999999,3.29,5.1345272,1.7345272,2.6714196,1.4919014,539.57709,456.68909,712.40955,462.59521,957.40186,-.41980001
2011,1,.27000001,3.3900001,5.2618999,1.964745,3.1928163,1.6570812,539.90088,456.58615,715.66583,462.70279,956.35278,.0233
2011,2,.28999999,3.5799999,5.3279209,2.1179738,3.2426832,1.9109027,540.2218,456.14639,718.62329,462.85953,956.41583,-.24250001
2011,3,.25999999,3.4100001,5.1539521,2.2867913,3.11748,2.281574,540.73779,457.10394,717.35645,463.10114,957.75024,-.28380001
2011,4,.25,3.46,5.1833148,2.40047,3.0094745,2.5429263,541.20612,456.71848,719.40649,463.3981,957.94904,-.24600001
2011,5,.19,3.1700001,4.9342618,2.1915238,2.8457062,2.693517,541.5238,456.94092,719.91632,463.66257,957.60663,-.1287
2011,6,.18000001,3,4.8576136,1.9528455,2.7677994,2.6511428,541.5238,457.17685,716.02936,463.7814,957.18042,-.003
2011,7,.19,3,4.9123349,2.0544,2.7391334,2.5902219,541.78546,457.60678,718.93073,464.04224,957.64014,-.070500001
2011,8,.11,2.3,3.9001999,1.7706348,2.1394496,2.5051837,542.1004,458.19293,707.77557,464.25296,958.17047,-.2041
2011,9,.1,1.98,3.3208382,1.5709763,1.9647865,2.4158211,542.31732,458.11725,706.80688,464.34875,957.49048,.2823
2011,10,.11,2.1500001,3.5076799,1.63705,1.8633755,2.3435731,542.38483,458.8252,709.60724,464.3075,959.24493,-.2341
2011,11,.11,2.01,3.31071,1.77667,2.014555,2.2866511,542.5694,458.69849,711.185,464.36905,958.77759,.38069999
2011,12,.12,1.98,3.2416525,1.7333286,2.08797,2.1511564,542.5932,459.20068,712.55426,464.40341,958.60748,.1445
2012,1,.12,1.97,3.2455399,1.812665,2.2402544,1.9426895,542.86523,459.84113,717.0564,464.66531,959.15686,.050500002
2012,2,.16,1.97,3.2351451,2.053345,2.2687101,2.0357614,543.07874,460.138,720.97009,464.88394,960.2356,-.058600001
2012,3,.19,2.1700001,3.4965272,2.1764591,2.3181145,2.222955,543.2879,459.58005,723.65118,465.10883,959.22748,-.46020001
2012,4,.18000001,2.05,3.337357,2.076262,2.3779676,2.2837226,543.4538,460.37952,723.44867,465.27094,959.82806,-.285
2012,5,.19,1.8,2.8990409,1.9445591,2.3689427,2.2135053,543.24677,460.55542,720.13745,465.32462,960.02325,-.26359999
2012,6,.19,1.62,2.5575094,1.8000524,2.2812574,2.102139,543.16412,460.58469,718.80231,465.43051,960.12378,.0195
2012,7,.19,1.53,2.4518523,1.8109667,2.210058,1.9489298,543.19299,460.82056,721.50757,465.59412,960.44312,-.1638
2012,8,.18000001,1.6799999,2.7291434,1.9634478,2.1666512,2.0011513,543.77228,460.43018,724.66821,465.89935,959.69391,-.36379999
2012,9,.18000001,1.72,2.8200212,2.1945,2.1441381,2.0291531,544.24829,460.43079,727.47705,466.13956,960.20142,-.28080001
2012,10,.18000001,1.75,2.8161001,2.2353239,2.0387006,1.991606,544.51758,460.72311,727.08807,466.31015,959.53717,-.2911
2012,11,.18000001,1.65,2.6604099,2.15219,1.9765078,2.005687,544.34949,461.21487,724.03003,466.25201,959.93866,-.15800001
2012,12,.16,1.72,2.7725151,2.23768,1.9458688,1.9736764,544.3374,461.49048,726.00201,466.28671,960.80621,-.2511
2013,1,.15000001,1.91,3.0984523,2.3291333,2.0122523,1.8709998,544.50635,461.40854,730.00641,466.47415,961.21033,-.15350001
2013,2,.16,1.98,3.2305684,2.4665632,1.9597518,1.8302636,545.09741,461.97345,732.13947,466.78207,960.34863,-.1047
2013,3,.15000001,1.96,3.2028351,2.4926801,2.0020831,1.8537233,544.80255,462.2735,734.65448,466.76111,960.71375,-.1602
2013,4,.12,1.76,2.8547683,2.304909,2.2373655,1.9300612,544.58533,462.18326,735.9278,466.7583,960.9671,-.2026
2013,5,.12,1.9299999,3.1214499,2.0759273,2.1887474,1.7405916,544.63751,462.19446,740.23553,466.85019,960.5033,-.57160002
2013,6,.14,2.3,3.6096549,1.81718,2.2588029,1.6865518,544.83484,462.37268,738.94232,467.03241,961.47443,-.42910001
2013,7,.12,2.5799999,4.0162454,1.9008863,2.2644341,1.6973715,545.05621,461.80569,741.97852,467.18521,961.49139,-.040600002
2013,8,.13,2.74,4.264782,1.9174591,2.1633308,1.7495198,545.24237,462.57294,742.06348,467.36484,961.87054,-.1514
2013,9,.12,2.8099999,4.2895751,1.8896,2.3195848,1.7695746,545.37469,463.05502,743.08099,467.53387,961.89917,-.16509999
2013,10,.12,2.6199999,4.1180501,1.9395819,2.3215818,1.7464324,545.4115,462.95975,745.00952,467.72021,962.29504,-.055399999
2013,11,.12,2.72,4.3580947,1.9190842,2.4040959,1.7457658,545.5838,463.2869,748.63562,467.87976,963.04913,-.0017
2013,12,.13,2.9000001,4.5541525,1.8738762,2.4990764,1.6749128,545.84064,463.5679,749.98523,468.02487,962.89789,-.14139999
2014,1,.12,2.8599999,4.3460951,2.0116143,2.8241282,1.6258997,546.12225,463.08994,750.78857,468.17422,962.17462,-.32769999
2014,2,.12,2.71,4.1625371,2.0359631,2.9065721,1.6177046,546.24408,464.08191,750.49609,468.25867,962.46216,-.2269
2014,3,.13,2.72,4.036881,2.0574477,2.822978,1.7100538,546.37384,464.97095,753.0224,468.43845,962.69513,-.29629999
2014,4,.11,2.71,3.9162714,2.0222285,2.7847722,1.7339813,546.58258,465.18695,753.06213,468.66815,963.15027,-.39039999
2014,5,.1,2.5599999,3.6993334,2.0465095,2.6678681,1.8230245,546.73511,465.47211,754.4209,468.8634,963.6955,-.4113
2014,6,.1,2.5999999,3.7137144,2.0953381,2.5642457,1.8476607,546.81824,465.84247,757.409,469.02325,963.93677,-.34150001
2014,7,.11,2.54,3.5477819,2.1229818,2.3139155,2.0145924,546.98474,465.8634,758.73615,469.22253,964.68756,-.35699999
2014,8,.11,2.4200001,3.3557856,2.0027049,2.6421101,2.0298467,546.914,465.79999,758.14813,469.28552,965.21533,-.36129999
2014,9,.11,2.53,3.445281,1.8286619,2.7470326,1.994571,547.01086,466.09161,759.75098,469.40988,964.67346,-.26570001
2014,10,.1,2.3,3.202759,1.6472864,2.8469861,1.8164309,547.01929,466.14542,756.90375,469.45871,965.27423,-.27739999
2014,11,.13,2.3299999,3.1859276,1.6537666,2.8737657,1.6268063,546.85577,466.92093,762.29437,469.47745,965.3526,-.013
2014,12,.20999999,2.21,2.8809273,1.4193,2.952565,1.3568022,546.50598,466.70148,762.7674,469.4166,965.25928,-.0219
2015,1,.2,1.88,2.4906001,1.38605,3.2122638,.6752941,545.92151,465.97986,761.48932,469.23459,965.7431,-.20550001
2015,2,.22,1.98,2.6249578,1.6600474,3.1510348,.48134536,546.16644,465.8067,764.11786,469.42892,966.60706,-.4364
2015,3,.25,2.04,2.7040772,1.6876409,3.0300701,.56458187,546.37854,465.46695,764.03229,469.63669,966.0423,-.25510001
2015,4,.23,1.9400001,2.6488774,1.7931045,2.8471329,.62115657,546.46832,465.07401,764.72437,469.76791,966.64136,-.1055
2015,5,.23999999,2.2,3.035955,1.745725,2.603915,.83988011,546.76001,464.7121,765.53638,469.99188,966.55042,-.0515
2015,6,.28,2.3599999,3.2239408,1.7339001,2.4574976,.98695016,546.98267,464.43207,764.93512,470.15353,967.20129,.084700003
2015,7,.30000001,2.3199999,3.1511228,1.6006727,2.5743039,1.1947658,547.17493,464.93307,764.69,470.26456,966.91205,.1126
2015,8,.38,2.1700001,2.9000332,1.331762,2.5371301,1.3032358,547.14764,464.92743,762.06396,470.30984,967.01666,.2967
2015,9,.37,2.1700001,2.9720857,1.2226809,2.6437955,1.3361979,547.00287,464.63486,757.271,470.3497,967.64679,.40779999
2015,10,.25999999,2.0699999,2.8595667,1.23,2.5983095,1.4119775,547.13965,464.44342,761.32324,470.46161,967.25305,.31189999
2015,11,.47999999,2.26,3.0089684,1.3267,2.5631971,1.4695573,547.29132,463.85712,764.04193,470.56708,967.09088,.38510001
2015,12,.64999998,2.24,2.9274864,1.2875863,2.5240266,1.571438,547.16235,463.39316,762.7583,470.50885,967.43268,.55519998
2016,1,.54000002,2.0899999,2.7863262,1.2287,2.4031763,1.5003026,547.27161,463.93997,755.935,470.54477,967.091,.74180001
2016,2,.52999997,1.78,2.4674399,1.153235,2.1766868,1.4055336,547.14636,463.73325,755.19318,470.52423,966.93042,.76950002
2016,3,.66000003,1.89,2.5290456,1.4980909,2.1360099,1.4567059,547.25983,463.01193,761.18195,470.66122,968.06085,.42289999
2016,4,.56,1.8099999,2.4431334,1.5334381,2.0628982,1.5073957,547.60785,463.34631,763.79742,471.00739,967.93732,.082599998
2016,5,.58999997,1.8099999,2.4149857,1.5471762,1.9450333,1.5471152,547.79773,463.23495,763.31525,471.1983,967.65417,.089100003
2016,6,.55000001,1.64,2.1965728,1.451009,2.0462594,1.7205555,547.99805,463.59409,764.19922,471.323,968.0058,-.14489999
2016,7,.50999999,1.5,1.98392,1.410225,2.0573351,1.7739856,548.02136,463.68365,767.27124,471.37399,968.08344,-.18889999
2016,8,.56999999,1.5599999,2.0396218,1.3389435,1.9576381,1.8706954,548.22583,463.61444,768.59247,471.50665,968.61316,-.184
2016,9,.58999997,1.63,2.1411238,1.4168857,2.0243134,1.8777266,548.48218,463.46298,767.67938,471.67215,969.00983,-.2368
2016,10,.66000003,1.76,2.3004301,1.61638,2.0508249,2.0314212,548.76727,463.64188,766.99719,471.89218,968.33911,-.20119999
2016,11,.74000001,2.1400001,2.783555,1.7536,2.1071296,2.1099567,548.97595,463.42221,768.01691,471.99847,969.34698,-.90090001
2016,12,.87,2.49,3.1758761,1.8681333,2.1949306,,549.23248,464.21527,771.71863,472.1666,969.42865,-.33360001
