year,month,ff4_hf,sp500_hf,dbkeven02_d,usstocks1_hf,pc1ff1_hf,pmnegm_ff4sp500,pmposm_ff4sp500,pmnegm_pc1ff1usstocks1,pmposm_pc1ff1usstocks1,gs1,gs10,sven5f5,bkeven05,exp_gdp_12m,exp_cpi_12m,us_cpi,us_ip,logsp500,us_gdpdef,us_rgdp,ebpnew,eureon3m_hf,stoxx50_hf,deurinflswap2y_d,pmnegm_eureon3mstoxx50,pmposm_eureon3mstoxx50,ea_ip_excl_constr,hicp,stoxx50,ea_bbb_oas_all_fred,ea_rgdp,ea_gdpdef,de1y_haver
1979,7,,,,,,,,,,9.6400003,8.9499998,8.5193853,,,,429.04593,397.93228,463.16483,371.07132,877.20264,-.25440001,,,,,,,,,,,,
1979,8,,,,,,,,,,9.9799995,9.0299997,8.595396,,,,430.00027,397.25439,467.60703,371.73209,875.4585,-.33939999,,,,,,,,,,,,
1979,9,,,,,,,,,,10.84,9.3299999,8.7794371,,,,430.94559,397.3656,468.79752,372.46835,874.66516,-.153,,,,,,,,,,,,
1979,10,,,,,,,,,,12.44,10.3,9.5050907,,,,432.01514,397.89655,464.89291,373.16437,876.48096,-.78009999,,,,,,,,,,,,
1979,11,,,,,,,,,,12.39,10.65,9.9331312,,,,433.07333,397.79791,464.12521,373.72144,875.74719,-.15369999,,,,,,,,,,,,
1979,12,,,,,,,,,,11.98,10.39,9.9909496,,,,434.25058,397.88141,468.00037,374.30917,875.84076,.1065,,,,,,,,,,,,
1980,1,,,,,,,,,,12.06,10.8,10.566641,,,,435.67087,398.35452,470.7193,374.96393,877.90015,-.059300002,,,,,,,,,,,,
1980,2,,,,,,,,,,13.92,12.41,11.824699,,,,436.94479,398.39008,474.79089,375.73184,875.61401,-.44580001,,,,,,,,,,,,
1980,3,,,,,,,,,,15.82,12.75,11.470533,,,,438.32758,398.05804,465.099,376.67532,875.46918,.25529999,,,,,,,,,,,,
1980,4,,,,,,,,,,13.3,11.47,11.083815,,,,439.32138,395.99957,463.40314,377.25702,876.54346,-.50400001,,,,,,,,,,,,
1980,5,,,,,,,,,,9.3900003,10.18,10.709676,,,,440.30539,393.55521,468.05222,377.99503,873.13934,-.0296,,,,,,,,,,,,
1980,6,,,,,,,,,,8.1599998,9.7799997,10.10859,,,,441.27982,392.31113,474.09824,378.63318,873.04895,-.1123,,,,,,,,,,,,
1980,7,,,,,,,,,,8.6499996,10.25,10.521623,,,,441.40097,391.53375,478.54825,379.35699,874.17249,.073700003,,,,,,,,,,,,
1980,8,,,,,,,,,,10.24,11.1,11.096609,,,,442.12473,391.90582,481.62143,380.1929,873.65045,-.015799999,,,,,,,,,,,,
1980,9,,,,,,,,,,11.52,11.51,11.244319,,,,442.96255,393.52063,483.88507,381.16119,874.42499,-.0469,,,,,,,,,,,,
1980,10,,,,,,,,,,12.49,11.75,11.46956,,,,443.91156,394.76392,486.92386,382.12143,875.56305,-.17640001,,,,,,,,,,,,
1980,11,,,,,,,,,,14.15,12.68,11.880488,,,,444.96854,396.49475,490.93369,383.02008,875.75934,.2915,,,,,,,,,,,,
1980,12,,,,,,,,,,14.88,12.84,11.777737,,,,445.89877,397.05597,489.47559,383.74121,876.45764,.043699998,,,,,,,,,,,,
1981,1,,,,,,,,,,14.08,12.57,11.768814,,,,446.82043,396.48413,489.10461,384.5939,877.24445,.3531,,,,,,,,,,,,
1981,2,,,,,,,,,,14.57,13.19,12.420678,,,,447.73367,396.01138,485.47803,385.49136,877.81549,.1137,,,,,,,,,,,,
1981,3,,,,,,,,,,13.71,13.12,12.610732,,,,448.41318,396.55658,489.17392,386.20166,878.73523,-.0135,,,,,,,,,,,,
1981,4,,,,,,,,,,14.32,13.68,12.854605,,,,448.97592,396.1257,490.12567,386.75919,876.20557,.54119998,,,,,,,,,,,,
1981,5,,,,,,,,,,16.200001,14.1,12.86074,,,,449.64706,396.69107,488.05881,387.30493,877.49579,.3527,,,,,,,,,,,,
1981,6,,,,,,,,,,14.86,13.47,12.319055,,,,450.53497,397.16098,488.51099,387.79846,877.73297,.417,,,,,,,,,,,,
1981,7,,,,,,,,,,15.72,14.28,12.893641,,,,451.63391,397.78931,486.06378,388.40482,878.54523,.4206,,,,,,,,,,,,
1981,8,,,,,,,,,,16.719999,14.94,13.31719,,,,452.39603,397.77341,486.46805,389.06158,877.9032,.2818,,,,,,,,,,,,
1981,9,,,,,,,,,,16.52,15.32,13.999152,,,,453.36743,397.17267,477.36578,389.74609,878.38568,.43720001,,,,,,,,,,,,
1981,10,,,,,,,,,,15.38,15.15,14.25399,,,,453.68915,396.45624,478.58047,390.37354,876.54303,.5887,,,,,,,,,,,,
1981,11,,,,,,,,,,12.41,13.39,13.038055,,,,454.11649,395.31573,481.19675,390.99429,877.88531,.2967,,,,,,,,,,,,
1981,12,,,,,,,,,,12.85,13.72,13.218527,,,,454.43579,394.20068,481.8179,391.41068,876.65033,.60869998,,,,,,,,,,,,
1982,1,,,,,,,,,,14.32,14.59,14.07694,,,,454.75412,392.18405,476.68558,391.94968,873.85028,.79619998,,,,,,,,,,,,
1982,2,,,,,,,,,,14.73,14.43,13.757989,,,,455.07141,394.15411,474.04831,392.3219,875.12939,.57130003,,,,,,,,,,,,
1982,3,,,,,,,,,,13.95,13.86,12.990191,,,,455.07141,393.40955,470.81073,392.68198,876.8158,.9404,,,,,,,,,,,,
1982,4,,,,,,,,,,13.98,13.87,12.75959,,,,455.3877,392.51822,475.61966,392.93231,877.31104,.81879997,,,,,,,,,,,,
1982,5,,,,,,,,,,13.34,13.62,12.74918,,,,456.3306,391.90085,475.47922,393.4957,873.95032,.77869999,,,,,,,,,,,,
1982,6,,,,,,,,,,14.07,14.3,13.408268,,,,457.4711,391.59015,469.77286,394.11322,876.14484,.7482,,,,,,,,,,,,
1982,7,,,,,,,,,,13.24,13.95,13.12619,,,,457.98523,391.28128,469.40714,394.61914,876.36835,.72860003,,,,,,,,,,,,
1982,8,,,,,,,,,,11.43,13.06,12.603627,,,,458.19016,390.41422,469.72977,394.95004,874.07678,.1002,,,,,,,,,,,,
1982,9,,,,,,,,,,10.85,12.34,11.908996,,,,458.19016,390.11319,480.78845,395.26602,875.83765,.54079998,,,,,,,,,,,,
1982,10,,,,,,,,,,9.3199997,10.91,11.064025,,,,458.59872,389.20447,488.77859,395.76572,875.35254,.2642,,,,,,,,,,,,
1982,11,,,,,,,,,,9.1599998,10.55,10.749026,,,,458.49673,388.82056,492.66046,396.08536,875.21472,.53460002,,,,,,,,,,,,
1982,12,,,,,,,,,,8.9099998,10.54,10.715155,,,,458.19016,388.09079,493.72104,396.29422,876.02393,.74529999,,,,,,,,,,,,
1983,1,,,,,,,,,,8.6199999,10.46,10.938024,,,,458.39465,389.99341,497.16568,396.69604,876.34393,.37220001,,,,,,,,,,,,
1983,2,,,,,,,,,,8.9200001,10.72,11.092295,,,,458.49673,389.36349,498.94458,396.87036,877.22681,.31869999,,,,,,,,,,,,
1983,3,,,,,,,,,,9.04,10.51,10.831335,,,,458.59872,390.17828,502.32825,396.99289,876.87256,.20909999,,,,,,,,,,,,
1983,4,,,,,,,,,,8.9799995,10.4,10.71583,,,,459.30975,391.36316,505.93256,397.2901,878.47766,.098700002,,,,,,,,,,,,
1983,5,,,,,,,,,,8.8999996,10.38,10.769586,,,,459.71381,392.05762,510.05536,397.50171,878.39014,-.086900003,,,,,,,,,,,,
1983,6,,,,,,,,,,9.6599998,10.85,11.006209,,,,459.91522,392.65826,511.43344,397.79236,880.27112,.064499997,,,,,,,,,,,,
1983,7,,,,,,,,,,10.2,11.38,11.557611,,,,460.31683,394.16129,511.82874,398.22668,880.24762,-.076800004,,,,,,,,,,,,
1983,8,,,,,,,,,,10.53,11.85,11.966966,,,,460.61697,395.25485,509.01776,398.58371,880.97113,-.1522,,,,,,,,,,,,
1983,9,,,,,,,,,,10.16,11.65,11.797814,,,,460.91623,396.74048,511.83722,398.89911,881.63586,-.062100001,,,,,,,,,,,,
1983,10,,,,,,,,,,9.8100004,11.54,11.797405,,,,461.31384,397.56998,512.19067,399.11014,881.19049,-.061999999,,,,,,,,,,,,
1983,11,,,,,,,,,,9.9399996,11.69,11.860969,,,,461.61102,397.9231,510.78143,399.31686,883.23419,.056899998,,,,,,,,,,,,
1983,12,,,,,,,,,,10.11,11.83,11.951729,,,,461.90732,398.45166,510.17438,399.4827,884.4165,.119,,,,,,,,,,,,
1984,1,,,,,,,,,,9.8999996,11.67,11.802872,,,,462.59528,400.40842,511.39493,399.90338,884.03656,.031300001,,,,,,,,,,,,
1984,2,,,,,,,,,,10.04,11.84,11.933495,,,,463.0838,400.86014,505.73099,400.44385,885.14258,-.044199999,,,,,,,,,,,,
1984,3,,,,,,,,,,10.59,12.32,12.408113,,,,463.37576,401.34671,505.91223,400.73477,885.52618,.0572,,,,,,,,,,,,
1984,4,,,,,,,,,,10.9,12.63,12.646335,,,,463.76373,401.98203,506.01901,401.02509,885.57831,.1179,,,,,,,,,,,,
1984,5,,,,,,,,,,11.66,13.41,13.339064,,,,463.95715,402.44693,505.18689,401.17969,887.26678,-.2483,,,,,,,,,,,,
1984,6,,,,,,,,,,12.08,13.56,13.397343,,,,464.15021,402.8114,503.12531,401.39447,886.99976,-.0251,,,,,,,,,,,,
1984,7,,,,,,,,,,12.03,13.36,13.202876,,,,464.53519,403.12735,501.85855,401.746,886.40784,-.1016,,,,,,,,,,,,
1984,8,,,,,,,,,,11.82,12.72,12.446926,,,,464.82297,403.21979,510.26541,402.04916,888.93781,.1911,,,,,,,,,,,,
1984,9,,,,,,,,,,11.58,12.52,12.071995,,,,465.10992,403.03961,511.28369,402.22443,887.31982,-.024599999,,,,,,,,,,,,
1984,10,,,,,,,,,,10.9,12.16,11.832409,,,,465.49124,402.88153,510.48462,402.44287,888.0047,-.2017,,,,,,,,,,,,
1984,11,,,,,,,,,,9.8199997,11.57,11.648026,,,,465.68134,403.26605,511.31454,402.6355,887.99298,-.093500003,,,,,,,,,,,,
1984,12,,,,,,,,,,9.3299999,11.5,11.767,,,,465.87109,403.38141,510.3446,402.95084,888.94226,-.056299999,,,,,,,,,,,,
1985,1,,,,,,,,,,9.0200005,11.38,11.756538,,,,466.06049,403.21164,514.41321,403.43726,888.26715,-.080499999,,,,,,,,,,,,
1985,2,,,,,,,,,,9.29,11.51,11.728039,,,,466.62653,403.56485,519.80548,403.85269,889.98511,-.1209,,,,,,,,,,,,
1985,3,,,,,,,,,,9.8599997,11.86,12.050958,,,,467.09579,403.71478,518.96735,404.16553,889.65161,.088799998,,,,,,,,,,,,
1985,4,,,,,,,,,,9.1400003,11.43,11.876204,,,,467.2829,403.44565,519.59851,404.26294,890.07831,-.058400001,,,,,,,,,,,,
1985,5,,,,,,,,,,8.46,10.85,11.510881,,,,467.46964,403.59772,522.06049,404.42749,890.23486,-.21870001,,,,,,,,,,,,
1985,6,,,,,,,,,,7.8000002,10.16,10.74951,,,,467.74908,403.65689,524.11438,404.61938,890.27789,.14470001,,,,,,,,,,,,
1985,7,,,,,,,,,,7.8600001,10.31,10.940782,,,,467.93497,403.00494,526.00824,404.79584,891.53931,.1125,,,,,,,,,,,,
1985,8,,,,,,,,,,8.0500002,10.33,10.968063,,,,468.12048,403.41699,523.80701,405.04465,892.57526,.1047,,,,,,,,,,,,
1985,9,,,,,,,,,,8.0699997,10.37,11.087742,,,,468.30566,403.85007,521.64435,405.20459,891.13397,.2097,,,,,,,,,,,,
1985,10,,,,,,,,,,8.0100002,10.24,10.960168,,,,468.67502,403.43823,522.6665,405.38019,892.7038,.2617,,,,,,,,,,,,
1985,11,,,,,,,,,,7.8800001,9.7799997,10.536263,,,,469.1348,403.7746,528.66833,405.59314,892.50714,.25330001,,,,,,,,,,,,
1985,12,,,,,,,,,,7.6700001,9.2600002,10.102366,,,,469.59247,404.82202,533.39392,405.79919,892.17969,.032400001,,,,,,,,,,,,
1986,1,,,,,,,,,,7.73,9.1899996,9.9528618,,,,469.95709,405.27496,533.90521,406.04761,892.65442,.27070001,,,,,,,,,,,,
1986,2,,,,,,,,,,7.6100001,8.6999998,9.426074,,,,469.77493,404.60416,539.08282,406.09579,893.88824,-.1864,,,,,,,,,,,,
1986,3,,,,,,,,,,7.0300002,7.7800002,8.3487854,,,,469.2265,403.91559,544.95062,406.09714,893.56366,.58410001,,,,,,,,,,,,
1986,4,,,,,,,,,,6.4400001,7.3000002,7.7541771,,,,468.85919,403.99377,547.21753,406.20349,893.98907,.5406,,,,,,,,,,,,
1986,5,,,,,,,,,,6.6500001,7.71,8.1775236,,,,469.1348,404.19629,547.49084,406.46689,893.50897,.0328,,,,,,,,,,,,
1986,6,,,,,,,,,,6.73,7.8000002,8.4281521,,,,469.5011,403.85269,550.24585,406.75854,893.9281,.073899999,,,,,,,,,,,,
1986,7,,,,,,,,,,6.27,7.3000002,8.1365137,,,,469.59247,404.40491,548.34882,406.74255,894.64648,.69260001,,,,,,,,,,,,
1986,8,,,,,,,,,,5.9299998,7.1700001,8.1290474,,,,469.68375,404.27127,550.11981,406.8259,894.69879,.65649998,,,,,,,,,,,,
1986,9,,,,,,,,,,5.77,7.4499998,8.5850573,,,,470.04803,404.47235,547.61951,407.07428,895.09198,.29890001,,,,,,,,,,,,
1986,10,,,,,,,,,,5.7199998,7.4299998,8.6153774,,,,470.22968,404.92462,546.95618,407.26874,895.83435,.51099998,,,,,,,,,,,,
1986,11,,,,,,,,,,5.8000002,7.25,8.3436832,,,,470.41101,405.39218,550.23859,407.44965,894.78101,.60720003,,,,,,,,,,,,
1986,12,,,,,,,,,,5.8699999,7.1100001,8.1338634,,,,470.77267,406.21759,551.54883,407.58972,895.35858,.62889999,,,,,,,,,,,,
1987,1,,,,,,,,,,5.7800002,7.0799999,8.0261898,,,,471.31274,405.90161,557.40381,407.92108,894.84332,.47850001,,,,,,,,,,,,
1987,2,,,,,,,,,,5.96,7.25,8.0978422,,,,471.67114,407.18091,563.7901,408.18097,896.35712,.5248,,,,,,,,,,,,
1987,3,,,,,,,,,,6.0300002,7.25,8.0043955,,,,472.02829,407.34647,567.83667,408.37622,896.88318,.38909999,,,,,,,,,,,,
1987,4,,,,,,,,,,6.5,8.0200005,8.7055473,,,,472.47293,407.99347,566.71625,408.61905,897.07507,-.34490001,,,,,,,,,,,,
1987,5,,,,,,,,,,7,8.6099997,9.1104002,,,,472.73877,408.62619,566.56799,408.7991,897.20203,.15710001,,,,,,,,,,,,
1987,6,,,,,,,,,,6.8000002,8.3999996,8.9649773,,,,473.1803,409.09988,570.83179,409.06461,897.2038,.1224,,,,,,,,,,,,
1987,7,,,,,,,,,,6.6799998,8.4499998,9.1137638,,,,473.44424,409.79248,573.61444,409.24838,897.55859,.2483,,,,,,,,,,,,
1987,8,,,,,,,,,,7.0300002,8.7600002,9.3509045,,,,473.88266,410.61841,579.71454,409.55606,897.7431,.2445,,,,,,,,,,,,
1987,9,,,,,,,,,,7.6700001,9.4200001,9.9973526,,,,474.23199,410.88736,576.38477,409.84875,898.85547,.25929999,,,,,,,,,,,,
1987,10,,,,,,,,,,7.5900002,9.5200005,9.9438238,,,,474.49323,412.32056,563.53979,410.15436,899.14075,-.82870001,,,,,,,,,,,,
1987,11,,,,,,,,,,6.96,8.8599997,9.3867102,,,,474.84042,412.86011,550.11145,410.37653,899.54352,.1486,,,,,,,,,,,,
1987,12,,,,,,,,,,7.1700001,8.9899998,9.6777229,,,,475.01361,413.34692,548.66046,410.59384,900.38458,-.1002,,,,,,,,,,,,
1988,1,,,,,,,,,,6.9899998,8.6700001,9.5057478,,,,475.35901,413.38971,552.27191,410.93649,899.55164,-.31510001,,,,,,,,,,,,
1988,2,,,,,,,,,,6.6399999,8.21,9.2115946,,,,475.53128,413.82147,555.33636,411.11905,899.91699,.1068,,,,,,,,,,,,
1988,3,,,,,,,,,,6.71,8.3699999,9.3859959,,,,475.78912,414.06253,558.26233,411.41702,901.19067,-.1543,,,,,,,,,,,,
1988,4,,,,,,,,,,7.0100002,8.7200003,9.6962748,,,,476.38818,414.61224,557.00043,411.79391,901.07581,-.070799999,,,,,,,,,,,,
1988,5,,,,,,,,,,7.4000001,9.0900002,9.9633617,,,,476.64383,414.50424,554.51721,412.08041,901.57129,-.0074999998,,,,,,,,,,,,
1988,6,,,,,,,,,,7.4899998,8.9200001,9.5526505,,,,477.06845,414.76373,560.09473,412.48526,901.9433,.071199998,,,,,,,,,,,,
1988,7,,,,,,,,,,7.75,9.0600004,9.7740002,,,,477.4913,414.81302,559.53784,412.96436,901.59558,-.229,,,,,,,,,,,,
1988,8,,,,,,,,,,8.1700001,9.2600002,9.8053999,,,,477.91235,415.23917,557.49127,413.26663,902.31018,-.041299999,,,,,,,,,,,,
1988,9,,,,,,,,,,8.0900002,8.9799995,9.4069901,,,,478.33163,414.95428,559.02826,413.638,902.35986,.1409,,,,,,,,,,,,
1988,10,,,,,,,,,,8.1099997,8.8000002,9.2528448,,,,478.6658,415.44733,562.54449,413.84772,902.58447,.26679999,,,,,,,,,,,,
1988,11,,,,,,,,,,8.4799995,8.96,9.2106447,,,,478.99887,415.60275,560.18689,414.05569,903.02173,.1129,,,,,,,,,,,,
1988,12,,,,,,,,,,8.9899998,9.1099997,9.0602856,,,,479.33081,416.08701,562.24835,414.36664,904.435,.2394,,,,,,,,,,,,
1989,1,,,,,,,,,,9.0500002,9.0900002,8.9368601,,,,479.7442,416.38116,565.27124,414.86169,904.83569,.204,,,,,,,,,,,,
1989,2,,,,,,,,,,9.25,9.1700001,8.9486313,,,,480.0737,415.92892,568.40845,415.18961,904.17065,.11,,,,,,,,,,,,
1989,3,,,,,,,,,,9.5699997,9.3599997,8.9618406,,,,480.56592,416.14734,567.86383,415.49362,904.00513,.3696,,,,,,,,,,,,
1989,4,,,,,,,,,,9.3599997,9.1800003,8.8613005,,,,481.29971,416.23459,571.12579,415.93256,904.78906,.47569999,,,,,,,,,,,,
1989,5,,,,,,,,,,8.9799995,8.8599997,8.7441816,,,,481.78592,415.52939,575.02301,416.22842,904.86945,.28380001,,,,,,,,,,,,
1989,6,,,,,,,,,,8.4399996,8.2799997,8.2583323,,,,482.10876,415.57877,577.9903,416.47397,905.60907,.50209999,,,,,,,,,,,,
1989,7,,,,,,,,,,7.8899999,8.0200005,8.2202148,,,,482.43057,414.68738,580.30902,416.77362,905.85925,.74900001,,,,,,,,,,,,
1989,8,,,,,,,,,,8.1800003,8.1099997,8.1344604,,,,482.43057,415.58456,584.8194,416.89838,905.75537,.4262,,,,,,,,,,,,
1989,9,,,,,,,,,,8.2200003,8.1899996,8.18818,,,,482.67123,415.2236,585.11523,417.12479,905.77094,.4869,,,,,,,,,,,,
1989,10,,,,,,,,,,7.9899998,8.0100002,8.0943861,,,,483.15085,415.15848,585.04675,417.42734,905.7226,.5165,,,,,,,,,,,,
1989,11,,,,,,,,,,7.77,7.8699999,7.9596095,,,,483.5488,415.49142,582.98169,417.61215,906.0932,.70139998,,,,,,,,,,,,
1989,12,,,,,,,,,,7.7199998,7.8400002,7.8745651,,,,483.866,416.10977,585.36768,417.83862,906.03638,.5686,,,,,,,,,,,,
1990,1,,,,,,,,,,7.9200001,8.21,8.2505474,,2.9000001,4.7766666,484.81165,415.43683,583.05774,418.35065,906.30859,.2929,,,,,,,407.97385,477.09793,,,,8.1400003
1990,2,-.02,-.16664,,-.24072427,.020335654,0,-.02,.020335654,0,8.1099997,8.4700003,8.4727259,,1.7726852,4.2336421,485.20303,416.43433,580.08063,418.72131,907.28851,.42629999,,,,,,,408.24408,475.02612,,,,8.7600002
1990,3,-.02,-.17281,,-.24793869,-.0056694802,0,-.02,0,-.0056694802,8.3500004,8.5900002,8.4923639,,1.8348806,4.3737841,485.67068,416.93298,582.44196,419.10181,907.5141,.45930001,,,,,,,408.47992,476.49942,,,,8.6499996
1990,4,0,0,,0,0,0,0,0,0,8.3999996,8.79,8.7025146,,2.0417142,4.4858141,485.90369,416.81757,582.44385,419.44095,907.40515,.078199998,,,,,,,408.81589,478.99927,,,,8.7399998
1990,5,0,.036899999,,-.0029635481,.0024206729,0,0,.0024206729,0,8.3199997,8.7600002,8.7341633,,2.2061965,4.6016026,486.05872,416.98044,585.91846,419.72092,907.65753,.096000001,,,,,,,409.03366,479.09641,,,,8.6400003
1990,6,0,0,,0,0,0,0,0,0,8.1000004,8.4799995,8.5155525,,2.0576086,4.5264492,486.67648,417.31158,588.71777,420.08542,907.17041,.2115,,,,,,,409.21756,478.72101,,,,8.5500002
1990,7,-.1,.01864,,-.070361622,-.039244581,-.1,0,0,-.039244577,7.9400001,8.4700003,8.6343479,,1.9903846,4.4923077,487.13733,417.19781,588.62048,420.25937,907.87115,.17299999,,,,,,,409.26764,479.36093,,,,8.4499998
1990,8,0,.29183999,,.29482871,.018006468,0,0,0,.018006468,7.7800002,8.75,9.1402216,,1.8398913,4.5213766,487.97672,417.50485,580.13507,420.66367,907.10901,-.1038,,,,,,,409.96637,466.64453,,,,8.8100004
1990,9,0,0,,0,0,0,0,0,0,7.7600002,8.8900003,9.4149837,,1.0093334,4.9386668,488.65826,417.64957,575.49951,420.99152,907.34564,.092399999,,,,,,,410.70963,457.4881,,,,8.79
1990,10,-.029990001,-.64155,,-.84155899,.019242454,0,-.029990001,.019242454,0,7.5500002,8.7200003,9.2306824,,.66847825,5.1972828,489.33521,416.88983,572.72626,421.24316,906.58673,.31510001,,,,,,,411.26755,454.74536,,,,8.6400003
1990,11,.0099999998,-.0094100004,,-.057060607,.02958216,.0099999998,0,.02958216,0,7.3099999,8.3900003,8.8791447,,.33958334,5.0743055,489.55984,415.70892,575.36182,421.35495,906.90698,.40380001,,,,,,,411.36569,453.08383,,,,8.9099998
1990,12,-.19,.85308999,,.90437925,-.14451249,-.19,0,-.14451249,0,7.0500002,8.0799999,8.5713949,,.20398551,5.0605073,489.93314,415.05011,579.54773,421.58792,906.08295,.389,,,,,,,411.44739,454.28995,,,,9.0299997
1991,1,-.1,.51814002,,.55918509,-.12553349,-.1,0,-.12553349,0,6.6399999,8.0900002,8.7366571,,-.375,4.6354165,490.30502,414.61697,578.59619,422.15283,906.00543,.42539999,,,,,,449.98096,411.83865,449.43213,,,,8.9700003
1991,2,-.20999999,-.40345001,,-.56341875,-.083103977,0,-.20999999,0,-.083103977,6.27,7.8499999,8.5373001,,-.083924487,4.4035277,490.37921,413.92941,589.33252,422.41672,906.26813,.35339999,,,,,,448.86365,412.27701,458.05853,,,,8.6899996
1991,3,-.059999999,.53704,,.53520101,-.064185388,-.059999999,0,-.064185388,0,6.4000001,8.1099997,8.69098,,.21031746,4.3650298,490.37921,413.39899,592.0036,422.58167,905.68744,.28009999,,,,,,448.07401,412.2608,464.20209,,,,8.7700005
1991,4,-.19,.94203001,,1.0543487,-.21514462,-.19,0,-.21514462,0,6.2399998,8.04,8.6951866,,.38394648,4.2785954,490.60153,413.59711,593.9342,422.76306,907.09814,.2264,,,,,,447.27811,412.61661,466.43265,,,,8.8699999
1991,5,-.02,-.23957001,,-.32591644,.02293337,0,-.02,.02293337,0,6.1300001,8.0699997,8.8629045,,.53007245,4.2417269,490.97095,414.59183,593.48389,423.11383,906.29645,.22130001,,,,,,446.93506,413.03549,467.1304,,,,8.6899996
1991,6,0,0,,0,0,0,0,0,0,6.3600001,8.2799997,8.9974699,,.84743083,4.1583171,491.2655,415.48438,593.56952,423.32721,906.74811,.1208,,,,,,448.97592,413.45264,468.18118,,,,8.8500004
1991,7,.0099999998,-.02932,,-.080316089,.03420873,.0099999998,0,.03420873,0,6.3099999,8.2700005,8.9176912,,1.2381423,4.0942688,491.41245,415.57986,594.00031,423.5528,906.96637,.2402,,,,,,447.16388,414.1705,464.3111,,,,9.1099997
1991,8,-.079999998,.61637002,,.62785619,-.067487083,-.079999998,0,-.067487083,0,5.7800002,7.9000001,8.831109,,1.4305556,3.9743056,491.70569,415.65411,596.46362,423.78711,906.89899,.15880001,,,,,,447.04953,414.37695,464.11206,,,,8.8400002
1991,9,0,-.046470001,,-.10034957,.013394409,0,0,.013394409,0,5.5700002,7.6500001,8.6138306,,1.6842105,3.8877194,491.99808,416.53482,595.99738,424.05713,907.76294,.17290001,,,,,,447.27811,414.5513,465.2467,,,,8.8400002
1991,10,-.039999999,-.02066,,-.11626855,.012979262,0,-.039999999,.012979262,0,5.3299999,7.5300002,8.613862,,1.849,3.7490001,492.14398,416.35471,595.81458,424.18979,907.41467,.1769,,,,,,447.50616,414.88327,462.93069,,,,9.0500002
1991,11,-.12,0,,-.046067908,-.10542035,0,0,0,-.10542035,4.8899999,7.4200001,8.7818155,,1.9311594,3.539855,492.58032,416.23288,595.4494,424.3342,907.69574,.2033,,,,,,448.75122,415.40277,462.11935,,,,9.0699997
1991,12,-.25,.018479999,,-.1166161,-.26327905,-.25,0,0,-.26327905,4.3800001,7.0900002,8.6936283,,1.7003472,3.4152777,492.87018,415.82611,596.36072,424.49014,907.72797,.2154,,,,,,448.07401,415.49692,458.38538,,,,9.0100002
1992,1,0,0,,0,0,0,0,0,0,4.1500001,7.0300002,8.5543098,,1.58,3.3,492.94254,415.25507,603.09955,424.56708,908.10327,.085900001,,,,,,448.75122,415.68497,464.22397,,,,8.8299999
1992,2,0,.036230002,,-.003746279,.017704835,0,0,.017704835,0,4.29,7.3400002,8.6662741,,1.74,3.2384176,493.15921,415.95218,602.23865,424.75574,908.87036,.1338,,,,,,449.31207,416.04443,467.54141,,,,8.79
1992,3,0,0,,0,0,0,0,0,0,4.6300001,7.54,8.4596272,,1.83125,3.2344246,493.51932,416.81726,600.97321,424.97821,909.5127,.076800004,,,,,,448.18719,416.32486,468.38385,,,,9
1992,4,-.2,.66952997,,.68996024,-.24447952,-.2,0,-.24447952,0,4.3000002,7.48,8.6307478,,2.1389999,3.2320001,493.73474,417.55496,601.07983,425.25348,909.67059,.073700003,,,,,,447.96069,416.66653,468.35989,,,,8.9499998
1992,5,.0099900002,-.067209996,,-.12457732,.031624366,.0099900002,0,.031624366,0,4.1900001,7.3899999,8.6187201,,2.3696811,3.2858551,493.94974,417.87332,602.77643,425.40491,909.3476,.0232,,,,,,447.50616,416.94519,469.84653,,,,8.9899998
1992,6,0,0,,0,0,0,0,0,0,4.1700001,7.2600002,8.6566458,,2.513587,3.3369401,494.23566,417.89261,601.19611,425.54663,910.80713,.0142,,,,,,446.4758,417.17685,467.65601,,,,9.0799999
1992,7,-.30000001,.0557,,.018997228,-.065381572,-.30000001,0,-.065381572,0,3.5999999,6.8400002,8.7452822,,2.4782608,3.3413043,494.52075,418.78363,602.80804,425.74817,910.935,-.0603,,,,,,445.0853,417.31558,461.27847,,,,9.3100004
1992,8,.0099999998,.02617,,-.015497584,.028307971,0,.0099999998,.028307971,0,3.47,6.5900002,8.4958429,,2.4312153,3.2916667,494.73404,418.29367,603.53278,425.85889,910.79224,.1166,,,,,,445.2019,417.53101,455.29089,,,,9.4700003
1992,9,.0099999998,-.0024000001,,-.048871465,.010830037,.0099999998,0,.010830037,0,3.1800001,6.4200001,8.5534334,,2.4722223,3.2430556,494.9469,418.53271,603.64941,426.02551,911.06482,.22310001,,,,,,444.02954,417.80728,456.38556,,,,8.29
1992,10,.0099999998,-.18129,,-.2578336,.023834372,.0099999998,0,.023834372,0,3.3,6.5900002,8.5508242,,2.434,3.1900001,495.37122,419.27002,602.22638,426.34744,911.55481,.1418,,,,,,444.26514,418.05222,454.33673,,,,7.7199998
1992,11,0,.27846,,.27919871,.013643383,0,0,0,.013643383,3.6800001,6.8699999,8.3311214,,2.3692307,3.0942307,495.65311,419.702,604.7738,426.55963,911.87555,.1046,,,,,,443.31949,418.38806,458.11264,,,,7.5999999
1992,12,-.0099999998,-.10212,,-.16535564,.0076053538,0,-.0099999998,.0076053538,0,3.71,6.77,8.0953636,,2.6235332,3.1023333,495.79376,419.78497,607.72314,426.74408,912.30743,.1479,,,,,,441.52197,418.60117,458.42841,,,,7.5799999
1993,1,0,0,,0,0,0,0,0,0,3.5,6.5999999,8.0823116,,2.8074074,3.0777779,496.1445,420.20981,607.59216,426.95825,911.96936,.114,,,,,,442.12473,419.02606,461.362,,,,7.3200002
1993,2,-.02,-.062449999,,-.11901698,.014783515,0,-.02,.014783515,0,3.3900001,6.2600002,7.8504314,,3.0052714,3.0674243,496.35437,420.64404,609.09625,427.10846,912.28131,.083700001,,,,,,441.27982,419.29825,467.15945,,,,6.8099999
1993,3,0,-.09324,,-.15498322,.027149428,0,0,.027149428,0,3.3299999,5.98,7.6044478,,3.1781282,3.0598974,496.49402,420.54074,610.95898,427.28641,912.01324,.066399999,,,,,,440.91553,419.58478,470.89151,,,,6.5500002
1993,4,0,0,,0,0,0,0,0,0,3.24,5.9699998,7.6446209,,3.2373023,3.220911,496.84235,420.8414,609.36121,427.49979,912.34937,.079400003,,,,,,440.30539,419.84042,470.83337,,,,6.75
1993,5,-.02,.15956999,,.14033039,-.0104388,-.02,0,-.0104388,0,3.3599999,6.04,7.6169152,,3.1159999,3.1945,497.12012,420.51776,609.91534,427.77139,912.82281,.0528,,,,,,440.0603,420.02051,469.62375,,,,6.6599998
1993,6,0,0,,0,0,0,0,0,0,3.54,5.96,7.2623591,,2.8930631,3.288347,497.18945,420.69766,610.49213,427.90042,912.87122,-.038899999,,,,,,439.5683,420.31989,471.5658,,,,6.5900002
1993,7,0,.28999999,,.2926873,.020058736,0,0,0,.020058736,3.47,5.8099999,7.0219193,,2.8515217,3.2650001,497.32794,421.00305,610.30518,428.14059,912.54578,-.043299999,,,,,,439.07385,420.61841,475.75244,,,,6.29
1993,8,.0099999998,-.11818,,-.18411657,.03133155,.0099999998,0,.03133155,0,3.4400001,5.6799998,6.8891568,,2.7876065,3.2573576,497.53534,420.89938,611.83734,428.35019,913.08807,-.054200001,,,,,,440.42773,420.88629,483.12076,,,,5.96
1993,9,.0099999998,0,,-.046067908,.013755735,0,0,.013755735,0,3.3599999,5.3600001,6.5541096,,2.7043478,3.2150724,497.67337,421.37442,612.97687,428.47974,913.92548,.039799999,,,,,,440.79379,421.04965,482.91788,,,,5.9299998
1993,10,0,0,,0,0,0,0,0,0,3.3900001,5.3299999,6.4824424,,2.7287879,3.0613637,498.0863,422.12915,613.96667,428.70087,913.57971,-.0253,,,,,,440.79379,421.36081,486.07458,,,,5.6599998
1993,11,0,.040789999,,.0015803538,.02226802,0,0,0,.02226802,3.5799999,5.7199998,6.849195,,2.8161459,3,498.36066,422.55029,613.74335,428.86972,914.87799,-.111,,,,,,440.67194,421.53815,485.61942,,,,5.3800001
1993,12,-.0099999998,.01935,,-.023464212,-.0031816559,-.0099999998,0,0,-.0031816559,3.6099999,5.77,6.849668,,2.8531251,2.9252603,498.56592,423.08215,614.4198,428.96356,915.17029,-.1353,,,,,,440.79379,421.6857,489.9516,,,,5.29
1994,1,0,0,,0,0,0,0,0,0,3.54,5.75,6.8416367,,3.0406251,2.8499999,498.56592,423.45398,615.90741,429.09232,915.21619,-.2128,,,,,,441.03711,422.00958,493.24643,,,,5.23
1994,2,0,-.65986001,,-.81687099,.1647619,0,0,.1647619,0,3.8699999,5.9699998,6.9991946,,3.2388673,2.8620782,498.83896,423.47122,615.56665,429.32404,915.66504,-.40419999,,,,,,442.48465,422.21512,494.2417,,,,5.5799999
1994,3,0,.30083999,,.3053636,-.020959865,0,0,-.020959865,0,4.3200002,6.48,7.436522,,3.4494445,2.9255555,499.11127,424.50351,613.94617,429.56534,915.74365,-.29319999,,,,,,442.36484,422.3324,491.77823,,,,5.4699998
1994,4,.12,-.67891997,,-.83912224,.14774157,.12,0,.14774157,0,4.8200002,6.9699998,7.7929473,,3.5191667,2.8858333,499.17923,425.02792,610.34094,429.68256,916.17596,-.2538,,,,,,444.26514,422.55191,493.31644,,,,5.3699999
1994,5,.050000001,.54158998,,.58658069,-.0015891509,0,.050000001,-.0015891509,0,5.3099999,7.1799998,7.8562617,,3.3955555,2.9677777,499.38281,425.55814,611.18835,429.80774,917.53479,-.25569999,,,,,,444.1474,422.81467,493.62512,,,,5.27
1994,6,0,0,,0,0,0,0,0,0,5.27,7.0999999,7.7817912,,3.3553762,2.9432795,499.65363,426.19473,611.99078,429.98431,917.0379,-.30399999,,,,,,444.61743,422.98947,486.88867,,,,5.25
1994,7,0,-.18351001,,-.2604427,.013715394,0,0,.013715394,0,5.48,7.3000002,7.9759102,,3.2935483,2.9758065,499.99112,426.35175,611.17975,430.19827,917.22626,-.27399999,,,,,,444.85162,423.22208,487.20297,,,,5.1999998
1994,8,0,.25516,,.25200003,.05225886,0,0,0,.05225886,5.5599999,7.2399998,7.8414044,,3.1483333,3.0358334,500.39462,426.93463,614.04071,430.37961,917.83087,-.23370001,,,,,,445.0853,423.51205,490.03934,,,,5.3800001
1994,9,-.029999999,-.19502001,,-.27388203,-.015750842,0,-.029999999,0,-.015750842,5.7600002,7.46,8.0930614,,3.0483871,3.1225805,500.59576,427.2955,614.66223,430.51678,917.37897,-.3651,,,,,,445.55093,423.67117,487.39197,,,,5.7600002
1994,10,0,0,,0,0,0,0,0,0,6.1100001,7.7399998,8.2549152,,2.9577587,3.1948276,500.66272,428.14865,613.94861,430.71695,918.3399,-.27129999,,,,,,446.70569,423.88776,483.92517,,,,5.6300001
1994,11,.079999998,-.55058002,,-.68922186,.089685626,.079999998,0,.089685626,0,6.54,7.96,8.2631855,,2.9654763,3.3148808,500.93011,428.77408,613.23456,430.93893,918.34192,-.22229999,,,,,,447.39218,424.00308,485.38681,,,,5.6799998
1994,12,-.050000001,.045899998,,.0075494172,-.028055452,-.050000001,0,-.028055452,0,7.1399999,7.8099999,7.8469286,,3.0911458,3.2789063,501.13019,429.80511,612.12012,431.08395,919.11835,-.16590001,,,,,,448.30026,424.17584,484.62643,,,,5.9400001
1995,1,0,0,,0,0,0,0,0,0,7.0500002,7.7800002,7.8627801,,3.0799999,3.3066666,501.3963,429.9855,614.19904,431.31677,919.32104,-.2102,,,,,,447.62,424.42004,483.34967,,1441.6586,433.6998,5.6900001
1995,2,0,-.2096,,-.29091507,.073328465,0,0,.073328465,0,6.6999998,7.4699998,7.6556387,,3.0737536,3.1547959,501.66174,429.84943,617.7796,431.49539,918.41095,-.25139999,,,,,,447.96069,424.67795,484.24374,,1442.7406,433.85553,5.6700001
1995,3,.02,-.14307,,-.21319084,.037550248,.02,0,.037550248,0,6.4299998,7.1999998,7.5453634,,3.0296798,3.1853037,501.86035,429.98602,620.0802,431.64334,918.91669,-.25569999,,,,,,447.73367,424.92093,480.56519,,1442.8143,434.02353,5.0700002
1995,4,0,0,,0,0,0,0,0,0,6.27,7.0599999,7.4627104,,3.02703,3.236752,502.25638,429.96771,623.04083,431.80496,918.84052,-.2068,,,,,,448.18719,425.14908,482.66684,,1442.8823,434.19138,4.8899999
1995,5,0,-.017130001,,-.066076778,.012501156,0,0,.012501156,0,6,6.6300001,7.0227137,,2.9011905,3.2285714,502.45383,430.25208,626.11035,431.92657,918.98987,-.30329999,,,,,,448.41318,425.26294,487.38556,,1443.0275,434.45746,4.5599999
1995,6,0,0,,0,0,0,0,0,0,5.6399999,6.1700001,6.6470275,,2.7638888,3.2444444,502.65088,430.5943,629.0354,432.04358,919.69043,-.1151,,,,,,447.96069,425.49033,487.44858,,1443.2773,434.88095,4.8099999
1995,7,-.15000001,.31071001,,.31688303,-.24938805,-.15000001,0,-.24938805,0,5.5900002,6.2800002,6.76682,,2.6596775,3.2451613,502.78201,430.19641,632.23199,432.21378,919.47748,-.28569999,,,,,,447.96069,425.54709,489.76871,,1443.5602,435.39771,4.6100001
1995,8,0,-.16999,,-.24463792,.068835363,0,0,.068835363,0,5.75,6.4899998,6.9447088,,2.6700001,3.1975,502.97842,431.45544,632.6322,432.43228,919.83112,-.1794,,,,,,447.73367,425.81625,491.35114,,1443.3899,435.83752,4.3600001
1995,9,.029999999,-.17497,,-.25044936,.08188878,.029999999,0,.08188878,0,5.6199999,6.1999998,6.6452451,,2.7064517,3.135484,503.10913,431.84943,635.96442,432.54932,920.63,-.149,,,,,,448.526,426.07062,490.63922,,1443.1672,436.16034,4.0799999
1995,10,0,0,,0,0,0,0,0,0,5.5900002,6.04,6.4036379,,2.7342594,2.9870369,503.37006,431.7388,636.80249,432.77679,920.54041,-.1109,,,,,,447.16388,426.19754,487.2341,,1443.236,436.35233,4.04
1995,11,0,-.06109,,-.11742935,.046187561,0,0,.046187561,0,5.4299998,5.9299998,6.3381333,,2.7966666,2.8677778,503.50027,431.99146,638.96533,432.8475,920.49567,-.0274,,,,,,447.39218,426.39465,488.97202,,1443.7496,436.57202,3.8
1995,12,-.050000001,.26401001,,.26233798,-.038862538,-.050000001,0,-.038862538,0,5.3099999,5.71,6.1224098,,2.7193334,2.9070513,503.63031,432.37683,642.07013,433.04654,920.94476,-.031500001,,,,,,448.63867,426.57736,491.5473,,1444.0139,436.76816,3.6099999
1996,1,-.02,.050670002,,.01312133,-.016077805,-.02,0,-.016077805,0,5.0900002,5.6500001,6.1742425,,2.6826086,2.7846153,504.14877,431.72522,642.07623,433.27271,921.18018,-.080399998,,,,,,447.16388,426.81577,495.9165,,1443.8617,437.01334,3.26
1996,2,0,0,,0,0,0,0,0,0,4.9400001,5.8099999,6.50283,,2.0484514,2.7418334,504.3425,433.27444,647.6134,433.41342,921.13,-.30689999,,,,,,446.93506,427.01169,498.16183,,1443.4861,437.20172,3.4200001
1996,3,.0099900002,.21235,,.201984,.033126555,0,.0099900002,0,.033126555,5.3400002,6.27,6.8487239,,1.9982052,2.7177179,504.66458,433.16855,647.24524,433.60364,921.43756,-.3186,,,,,,447.04953,427.27698,498.44315,,1444.0604,437.3775,3.4000001
1996,4,0,0,,0,0,0,0,0,0,5.54,6.5100002,7.0344453,,2.0321429,2.8254464,505.04968,434.0694,647.32233,433.75339,922.97339,-.26949999,,,,,,446.12997,427.47198,501.38605,,1444.4486,437.51535,3.26
1996,5,0,-.21492,,-.29711783,.031008955,0,0,.031008955,0,5.6399999,6.7399998,7.1961455,,2.2064102,2.9551282,505.24167,434.8042,649.5238,433.84103,922.63171,-.29640001,,,,,,447.16388,427.65271,502.85605,,1444.558,437.69791,3.4200001
1996,6,0,0,,0,0,0,0,0,0,5.8099999,6.9099998,7.2690201,,2.2258334,2.925,505.43332,435.63165,650.50348,433.83649,923.27771,-.25580001,,,,,,447.27811,427.6944,502.94931,,1444.4944,437.89063,3.6500001
1996,7,-.029999999,.13861001,,.11584666,-.014707476,-.029999999,0,-.014707476,0,5.8499999,6.8699999,7.1771135,,2.2462964,2.9611111,505.62457,435.45926,646.97186,433.98474,923.68127,-.30219999,,,,,,446.12997,427.76379,500.12436,,1444.4775,438.13571,3.53
1996,8,0,-.14401001,,-.21428864,.020250052,0,0,.020250052,0,5.6700001,6.6399999,6.9657717,,2.2833333,2.9885802,505.75189,436.05539,649.62958,434.05603,923.77252,-.3691,,,,,,447.50616,427.80539,500.27435,,1444.8956,438.23547,3.3399999
1996,9,-.13,.0072699999,,-.037576016,-.10456675,-.13,0,0,-.10456675,5.8299999,6.8299999,7.2066751,,2.3702381,3.0416667,506.06946,436.73926,651.29248,434.23431,924.05347,-.3691,,,,,,447.50616,428.01324,501.60208,,1445.8704,438.23676,3.23
1996,10,0,0,,0,0,0,0,0,0,5.5500002,6.5300002,6.9293227,,2.3517857,3.0035715,506.38602,436.67139,655.3158,434.42529,925.18781,-.3114,,,,,,446.93506,428.22064,505.15186,,1445.3884,438.10257,3.3
1996,11,-.0099999998,.25762999,,.25487989,-.0031005179,-.0099999998,0,-.0031005179,0,5.4200001,6.1999998,6.5755525,,2.3499999,2.9895833,506.70157,437.53583,660.20306,434.59619,925.06879,-.27270001,,,,,,447.84726,428.30347,507.51291,,1445.5294,437.95078,3.28
1996,12,-.0099999998,-.075889997,,-.1347159,.014862515,0,-.0099999998,.014862515,0,5.4699998,6.3000002,6.6467333,,2.3472223,2.9262345,506.95331,438.18127,661.15118,434.77591,924.31055,-.38,,,,,,447.62,428.51025,510.47299,,1445.6909,437.8035,3.1900001
1997,1,0,0,,0,0,0,0,0,0,5.6100001,6.5799999,6.8931379,,2.404,2.944,507.14166,438.30722,664.00183,435.01663,925.1106,-.28929999,,,,,,447.73367,428.84024,516.29755,,1445.4344,437.68445,3.1500001
1997,2,0,-.33607,,-.43864939,.026209157,0,0,.026209157,0,5.5300002,6.4200001,6.7510557,,2.6119599,2.9441895,507.32971,439.50452,668.32263,435.25616,925.73285,-.4278,,,,,,448.41318,428.81281,522.87903,,1445.7941,437.55637,3.3099999
1997,3,.039999999,-.66551,,-.82346755,.090236291,.039999999,0,.090236291,0,5.8000002,6.6900001,7.0066352,,2.5992064,2.9626639,507.3923,440.20682,667.36584,435.3765,925.64886,-.43720001,,,,,,449.53552,428.78534,525.14453,,1445.907,437.48618,3.3699999
1997,4,0,0,,0,0,0,0,0,0,5.9899998,6.8899999,7.1620998,,2.7379999,2.8879583,507.45486,440.23291,663.84735,435.43903,926.88678,-.38479999,,,,,,450.53497,428.75787,524.26343,,1446.2859,437.46844,3.3099999
1997,5,-.090000004,.55083001,,.59736162,-.072434999,-.090000004,0,-.072434999,0,5.8699999,6.71,6.9885764,,2.9736111,2.9291666,507.45486,440.83167,672.59009,435.44379,926.57733,-.41029999,,,,,,449.64706,428.90887,530.17072,,1447.3463,437.46231,3.3099999
1997,6,0,0,,0,0,0,0,0,0,5.6900001,6.4899998,6.7981143,,2.9403846,2.8442638,507.6423,441.32007,677.5694,435.58038,927.42792,-.49599999,,,,,,451.30548,428.97742,533.93494,,1447.5093,437.41873,3.21
1997,7,-.02,.19237,,.17864484,.0082543958,-.02,0,0,.0082543958,5.54,6.2199998,6.5041866,,2.9173076,2.6826923,507.76706,442.06918,682.97174,435.69977,927.95453,-.4666,,,,,,451.96124,429.11441,542.27374,,1447.4811,437.36594,3.3900001
1997,8,.0099999998,-.42781001,,-.54579496,.031133326,.0099999998,0,.031133326,0,5.5599999,6.3000002,6.6366143,,2.7621212,2.6064394,508.01614,443.11655,683.27472,435.81854,927.98645,-.45609999,,,,,,452.0701,429.38782,542.22571,,1447.6101,437.42404,3.53
1997,9,0,-.20644,,-.28722295,.016395759,0,0,.016395759,0,5.52,6.21,6.5702333,,2.852381,2.5880952,508.26459,444.01459,684.08856,436.01208,928.62952,-.51450002,,,,,,451.74313,429.52426,541.07324,,1448.1672,437.55942,3.6700001
1997,10,0,0,,0,0,0,0,0,0,5.46,6.0300002,6.3767729,,2.8812499,2.4958334,508.4505,444.86624,685.76807,436.1261,928.95398,-.36219999,,,,,,453.25995,429.63327,541.62744,,1448.8726,437.77521,3.99
1997,11,0,-.55214,,-.69104326,-.014207306,0,0,0,-.014207306,5.46,5.8800001,6.1107388,,2.7865384,2.4878206,508.57428,445.73672,684.54114,436.1781,928.65833,-.29359999,,,,,,452.82892,429.78296,536.05316,,1448.7289,437.87375,4
1997,12,-.0099999998,-.12988,,-.19778483,.0087742126,0,-.0099999998,.0087742126,0,5.5300002,5.8099999,5.9674363,,2.6796296,2.4277778,508.63611,446.04474,686.80536,436.2243,929.17004,-.36880001,,,,,,453.68915,429.82373,541.30133,,1449.2666,437.83188,3.8599999
1998,1,0,0,,0,0,0,0,0,0,5.2399998,5.54,5.857305,,2.5714285,2.2,508.75964,446.55194,687.06726,436.31839,928.88977,-.31,,,,,,454.11649,429.82373,545.68121,6.04,1449.2499,437.66757,3.6600001
1998,2,0,-.33719999,,-.43995395,.033272285,0,0,.033272285,0,5.3099999,5.5700002,5.9315157,,2.6243298,2.1216199,508.75964,446.66974,693.10413,436.33029,930.17188,-.29539999,,,,,,454.54202,429.85092,552.93262,5.6999998,1449.2726,437.64914,3.6700001
1998,3,0,-.01808,,-.067186885,.017450772,0,0,.017450772,0,5.3899999,5.6500001,5.933032,,2.5712879,2.0255411,508.75964,446.7532,698.17725,436.36798,930.55341,-.33950001,,,,,,454.43579,429.8645,562.24475,5.6100001,1449.8431,437.78748,3.79
1998,4,0,0,,0,0,0,0,0,0,5.3800001,5.6399999,5.9266953,,2.6592391,1.96875,508.88303,447.10638,701.40302,436.46317,930.43927,-.41729999,,,,,,454.64813,430.05453,569.24597,5.4000001,1449.6215,438.11353,3.9100001
1998,5,-.0099999998,-.11687,,-.18258557,-.0013562503,0,-.0099999998,0,-.0013562503,5.4400001,5.6500001,5.9438,,2.8177865,1.9822637,509.12933,447.74777,701.07764,436.58789,930.48102,-.3705,,,,,,455.07141,430.19006,571.34186,5.4400001,1450.0314,438.35544,3.75
1998,6,0,0,,0,0,0,0,0,0,5.4099998,5.5,5.7182093,,2.8310001,2.0222085,509.25226,447.11484,701.06647,436.59314,931.47778,-.34549999,,,,,,454.54202,430.27127,573.15497,5.5500002,1450.0527,438.5134,3.8099999
1998,7,.0099900002,.087630004,,.056295104,.022386618,0,.0099900002,0,.022386618,5.3600001,5.46,5.6715817,,2.7652173,2.0913043,509.49765,446.76123,705.28381,436.82343,931.41748,-.2983,,,,,,455.49289,430.33893,578.11151,5.9499998,1450.4161,438.59503,3.73
1998,8,.0099999998,.16447,,.14605319,.020505741,0,.0099999998,0,.020505741,5.21,5.3400002,5.5598717,,2.7079999,2.1133332,509.62012,448.79169,697.97229,436.96899,931.74835,.085100003,,,,,,454.22305,430.43353,569.58478,6.4699998,1450.3198,438.79431,3.45
1998,9,.07,-.75181001,,-.92428726,.055026963,.07,0,.055026963,0,4.71,4.8099999,5.3108191,,2.5397437,2.1397436,509.6813,448.61389,692.61005,436.9689,932.98523,.062100001,,,,,,454.43579,430.47406,557.2619,8.9799995,1450.552,439.08719,3.45
1998,10,-.25,2.0426199,,2.3399723,-.30918345,-.25,0,-.30918345,0,4.1199999,4.5300002,5.362443,,2.3518519,2.1472223,509.92566,449.4079,693.97095,437.12662,933.45715,.1954,,,,,,454.64813,430.52805,550.64191,9.79,1450.366,439.49991,3.3599999
1998,11,0,.81194001,,.90238065,-.004548443,0,0,-.004548443,0,4.5300002,4.8299999,5.4452577,,2.275641,2.1246154,510.04761,449.35211,704.44293,437.1962,933.93005,.19419999,,,,,,454.00983,430.52805,562.03131,8.1400003,1451.1201,439.74277,3.29
1998,12,0,-.13276,,-.20114712,.015252889,0,0,.015252889,0,4.52,4.6500001,5.2899365,,2.4173076,2.0509615,510.23026,449.73187,708.30737,437.37793,933.52722,.053300001,,,,,,453.36743,430.54156,564.9975,7.6700001,1450.7156,439.8316,3.0599999
1999,1,0,0,,0,0,0,0,0,0,4.5100002,4.7199998,5.4659419,.88119477,2.444,1.988,510.41257,450.19107,712.89624,437.65414,933.80249,.057,,,,,,454.85999,430.54156,572.74866,7.4099998,1451.3571,439.80109,2.8599999
1999,2,0,.14979,,.12890695,.027153343,0,0,0,.027153343,4.6999998,5,5.6909423,1.2080631,3.0002761,2.0572636,510.41257,450.72076,712.75018,437.73276,934.25555,-.1806,,,,,,453.582,430.56854,571.2699,7.5300002,1451.3345,439.79062,2.99
1999,3,-.02,-.20642,,-.28719833,-.011412354,0,-.02,0,-.011412354,4.7800002,5.23,5.9345303,1.2912478,3.1497779,2.0076048,510.47327,450.90005,715.59143,437.80484,935.03375,-.1513,-.0024995804,.12654051,,-.0024995804,0,453.68915,430.77072,572.20282,7.3499999,1452.228,439.85208,2.8399999
1999,4,0,0,,0,0,0,0,0,0,4.6900001,5.1799998,5.8901429,1.2402858,3.1443181,2.1176136,511.13852,451.15536,719.51062,438.0589,934.86932,-.1999,.020000219,-.36282313,,.020000219,0,454.43579,431.13358,575.69855,6.9899998,1452.1206,439.97174,2.5999999
1999,5,.039999999,-1.43559,,-1.7230177,.13766676,.039999999,0,.13766676,0,4.8499999,5.54,6.1597209,1.6677474,3.3346825,2.1571429,511.19879,451.88614,719.34113,438.06458,935.16925,-.19509999,.020000458,-.27605277,,.020000458,0,454.32947,431.09332,575.92261,6.8299999,1452.0513,440.04965,2.6500001
1999,6,-.07,1.60906,,1.8335106,-.09017659,-.07,0,-.09017659,0,5.0999999,5.9000001,6.448791,1.9915545,3.2916667,2.2974637,511.19879,451.72327,718.73193,438.07629,935.13733,-.142,-2.3841858e-07,.094525263,,-2.3841858e-07,0,455.17694,431.147,577.3501,6.6100001,1452.7297,440.15942,2.9000001
1999,7,0,0,,0,0,0,0,0,0,5.0300002,5.79,6.4274473,1.7554579,3.3121541,2.2809289,511.61957,452.3512,723.08923,438.2616,936.01953,-.086499996,.012500286,.43087226,,0,.012500286,455.91263,431.33463,579.32281,5.9699998,1453.2119,440.30899,3.01
1999,8,.015,.57282001,,.62305892,.021817189,0,.015,0,.021817189,5.1999998,5.9400001,6.6133409,1.8908546,3.142556,2.3482213,511.85925,452.7601,719.10443,438.39063,935.96301,-.032499999,.0025000572,-.1419787,,.0025000572,0,455.91263,431.52188,575.81976,6.4299998,1453.3953,440.44376,3.1600001
1999,9,0,0,,0,0,0,0,0,0,5.25,5.9200001,6.7363095,1.8286048,3.0848484,2.3651514,512.27728,452.36337,718.53473,438.62964,936.66101,.098200001,-.035000086,.029404894,,-.035000086,0,456.53894,431.66879,578.65265,6.2800002,1453.2699,440.5303,3.1800001
1999,10,.039999999,-.82928002,,-1.0147691,.092524894,.039999999,0,.092524894,0,5.4299998,6.1100001,6.91961,1.994421,3.1113636,2.4465909,512.45593,453.66623,717.01245,438.74731,937.3067,.1141,-.13250017,-.64742017,,0,-.13250017,457.57413,431.78882,577.59302,6.0300002,1454.5111,440.57895,3.5599999
1999,11,.060010001,-.41762999,,-.53390634,.10575362,.060010001,0,.10575362,0,5.5500002,6.0300002,6.6590452,1.9035,3.2492423,2.5055556,512.63422,454.14206,723.8631,438.84277,937.96185,.071900003,.062500477,.50531751,,0,.062500477,457.98523,431.96191,586.12653,5.9699998,1454.3496,440.65118,3.6700001
1999,12,-.0049999999,.47722,,.51138431,.053048622,-.0049999999,0,0,.053048622,5.8400002,6.2800002,6.9089956,1.9743046,3.401736,2.5525362,512.87146,454.90665,726.54095,439.06293,938.44177,-.15369999,-.0034999847,.28144294,,-.0034999847,0,457.57413,432.25421,596.38531,5.5100002,1454.9531,440.78552,3.78
2000,1,0,0,,0,0,0,0,0,0,6.1199999,6.6599998,7.0106649,2.2256701,3.6333334,2.5913043,513.16724,454.90845,726.36584,439.3317,937.57074,.022500001,-.0025002956,.083888613,,-.0025002956,0,457.36795,432.40002,599.73767,5.3600001,1455.0201,440.91269,3.97
2000,2,.0049999999,-.41010001,,-.52511901,.015555812,.0049999999,0,.015555812,0,6.2199998,6.52,6.5880198,2.3731849,3.8366468,2.6164088,513.57983,455.19644,723.47797,439.62103,938.03687,.090899996,-.0074999332,1.061578,,-.0074999332,0,458.59872,432.51917,607.26227,5.29,1455.9069,441.03134,4.0700002
2000,3,-.0099900002,.061159998,,.025374765,.0074920333,-.0099900002,0,0,.0074920333,6.2199998,6.2600002,6.3707218,2.3462305,4.1199579,2.6225543,514.16638,455.59622,727.39343,439.98416,938.64972,.33770001,-.082499981,.58103514,,-.082499981,0,458.90408,432.77023,611.38751,5.4099998,1456.1458,441.16714,4.1599998
2000,4,0,0,,0,0,0,0,0,0,6.1500001,5.9899998,6.1354108,2.2710104,4.1941538,2.7436538,514.10785,456.32236,728.62006,440.01773,939.86108,.4955,.0049996376,-.81172311,,.0049996376,0,459.91522,432.74384,606.05804,6.04,1456.3885,441.25589,4.4299998
2000,5,.07,-.54540002,,-.68316674,.085065536,.07,0,.085065536,0,6.3299999,6.4400001,6.4917727,2.499959,4.2705536,2.8538866,514.28326,456.50677,725.6098,440.15823,939.8576,.68589997,-.0075001717,1.4544779,,-.0075001717,0,461.21457,432.90213,606.24927,6.6900001,1456.6853,441.37701,4.8400002
2000,6,-.01501,.25301999,,.24948938,-.012561675,-.01501,0,-.012561675,0,6.1700001,6.0999999,6.1881819,2.2213726,4.166441,2.9079061,514.86566,456.59802,728.7533,440.45679,940.17212,.72710001,.12750006,-1.2758254,,.12750006,0,459.81454,433.27051,607.47534,6.9699998,1456.7405,441.56976,4.8699999
2000,7,0,0,,0,0,0,0,0,0,6.0799999,6.0500002,6.1273499,2.17044,3.9749999,2.9041667,515.15558,456.45972,729.49463,440.69727,939.56561,.7931,.017500401,-.26130781,,.017500401,0,461.01578,433.40173,607.26044,7.2600002,1457.1553,441.73941,5.0500002
2000,8,.0049999999,-.12621,,-.19349703,.03527002,.0049999999,0,.03527002,0,6.1799998,5.8299999,5.9286609,2.0307434,4.0979166,2.8736112,515.15558,456.14084,730.34784,440.7645,940.45575,.95209998,-.071500301,.12340125,,-.071500301,0,461.21457,433.57208,606.36414,7.6599998,1457.0363,441.88989,5.1700001
2000,9,0,0,,0,0,0,0,0,0,6.1300001,5.8000002,6.1117249,1.937325,4.1561403,2.9403508,515.67535,456.54987,729.34015,441.10867,940.13898,1.0555,-.023999214,.30948868,,-.023999214,0,461.21457,434.06836,605.93359,7.9000001,1457.4806,442.02267,5.0599999
2000,10,.025,-.30265999,,-.39961129,.064729385,.025,0,.064729385,0,6.0100002,5.7399998,6.0677047,1.8780428,3.9947917,2.8760417,515.84802,456.24976,723.71625,441.25372,940.76172,1.4413,.06400013,.16312748,,0,.06400013,461.21457,434.14651,600.74243,9.4499998,1457.4005,442.04742,5.1300001
2000,11,0,-.66751999,,-.82580596,.023131896,0,0,.023131896,0,6.0900002,5.7199998,5.9791617,1.8943334,3.7050724,2.815942,516.02039,456.26706,722.44928,441.39438,940.77631,1.5232,-.025000095,-.0093385391,,0,-.025000095,462.20273,434.43246,601.81525,10.49,1457.8949,442.21872,4.9699998
2000,12,-.0049999999,-.69114,,-.85339838,.038203172,0,-.0049999999,.038203172,0,5.5999999,5.2399998,5.6480451,1.47461,3.1724637,2.7166667,516.24976,455.99542,719.27399,441.52908,940.28699,1.5137,-.0030002594,.35753959,,-.0030002594,0,462.88867,434.45844,597.75134,11.47,1458.6943,442.46796,4.6100001
2001,1,-.11999,3.4521101,,3.9402883,-.17597561,-.11999,0,-.17597561,0,4.8099999,5.1599998,5.7926621,1.5700049,2.5956521,2.652174,516.82086,455.33493,719.60938,441.8624,940.56061,1.0968,.022500038,-.17541564,,.022500038,0,461.90732,434.41949,596.67072,10.31,1458.9469,442.78668,4.4400001
2001,2,0,0,,0,0,0,0,0,0,4.6799998,5.0999999,5.7660265,1.7120421,2.1628473,2.5520203,517.0484,454.72125,717.43732,442.03476,940.24994,1.1246001,.019499779,.2884565,,0,.019499779,462.30103,434.69174,593.23907,9.6599998,1458.8983,443.10153,4.46
2001,3,-.075000003,-.67957997,,-.83990991,-.053571999,0,-.075000003,0,-.053571999,4.3000002,4.8899999,5.6961637,1.5901227,2.1554294,2.6582701,517.10522,454.46332,707.82159,442.16095,940.14044,1.0707,.086500645,-.68884015,,.086500645,0,461.80865,434.91159,585.76831,11,1458.6584,443.35602,4.2600002
2001,4,-.37,2.2295599,,2.5583985,-.42185295,-.37,0,-.42185295,0,3.98,5.1399999,6.0943651,1.7346801,2.0860715,2.7550001,517.27539,454.22952,708.1319,442.4411,940.86755,.89160001,.098499775,.70309067,,0,.098499775,460.91623,435.2598,587.63129,11.94,1458.6766,443.57016,4.6700001
2001,5,-.14,.40882,,.43148667,-.1512832,-.14,0,-.1512832,0,3.78,5.3899999,6.2928319,2.1261683,2.2902777,2.9054348,517.7843,453.56088,714.73212,442.74884,941.35797,.73019999,-.17149973,.78851068,,-.17149973,0,461.31384,435.72214,591.57794,10.26,1458.9568,443.80844,4.3800001
2001,6,.075000003,-.40318999,,-.51704556,.11125291,.075000003,0,.11125291,0,3.5799999,5.2800002,6.2168713,2.0198143,2.3035278,2.9802778,518.00964,452.94299,712.1828,442.97629,940.61841,.9612,.050999641,-.39009875,,.050999641,0,461.21457,435.9014,587.25342,11.2,1459.0146,444.00119,4.29
2001,7,0,0,,0,0,0,0,0,0,3.6199999,5.2399998,6.1533046,1.7856857,2.2685673,2.784503,517.8407,452.36575,709.49097,443.03745,940.48901,.71869999,.047500134,-.088969946,,.047500134,0,459.41092,435.95255,581.77777,12.14,1458.7378,444.19604,4.1900001
2001,8,-.02,-.71223003,,-.87803721,-.02112448,0,-.02,0,-.02112448,3.47,4.9699998,6.0106306,1.5988653,2.379282,2.7463205,517.8407,452.18137,707.20013,443.11722,941.53583,.70480001,-.0050010681,-.95488226,,0,-.0050010681,461.70987,436.00366,578.62805,12.24,1459.222,444.37692,3.96
2001,9,-.045000002,,,-.0088854749,.11848942,,,.11848942,0,2.8199999,4.73,6.1218238,1.3082765,2.3072464,2.5848484,518.2345,451.8299,696.47693,442.99399,940.06848,1.1468,-.30499935,-.15967669,,0,-.30499935,460.41696,436.2334,561.42249,14.06,1458.9884,444.5748,3.4200001
2001,10,-.039999999,-.30724001,,-.40495259,-.047269069,0,-.039999999,0,-.047269069,2.3299999,4.5700002,5.9967818,1.1963136,1.1592106,2.3180556,517.95337,451.38025,698.15546,443.31158,940.56885,.97610003,.065000296,-.0036533773,,.065000296,0,459.10712,436.24615,565.04547,15.37,1458.7616,444.74722,3.1500001
2001,11,-.14,.94037002,,1.0524042,-.18374658,-.14,0,-.18374658,0,2.1800001,4.6500001,6.0299797,1.14816,.80000001,2.0696969,517.89703,450.85425,702.99884,443.35825,940.46216,-.17839999,-.0059998035,-.31658036,,0,-.0059998035,458.39465,436.2334,571.78906,13.74,1459.3322,444.94431,3.21
2001,12,-.029999999,.22721,,.25359997,-.063716613,-.029999999,0,-.063716613,0,2.22,5.0900002,6.494525,1.2406451,.90863097,1.8068452,517.8407,450.90018,704.30872,443.38495,942.14069,.38100001,.017499924,-.32146385,,.017499924,0,458.90408,436.38626,573.08826,14.13,1459.6255,445.2135,3.3199999
2002,1,.02,-.12751,,-.19023319,.047589209,.02,0,.047589209,0,2.1600001,5.04,6.4036856,1.2772524,.9392857,1.625,518.00964,451.46664,703.87842,443.52576,942.35345,.53390002,.020000219,-.2424611,,.020000219,0,459.00565,437.00806,573.18304,12.06,1458.7515,445.62451,3.5999999
2002,2,0,0,,0,0,0,0,0,0,2.23,4.9099998,6.3203683,1.3949211,1.7332057,1.4886552,518.17834,451.48865,700.3833,443.66736,941.61047,.72049999,.014000177,.18170311,,0,.014000177,459.2085,437.12186,569.66119,12.51,1459.7889,445.81702,3.55
2002,3,-.045000002,-.38271001,,-.4992249,-.05941423,0,-.045000002,0,-.05941423,2.5699999,5.2800002,6.5848103,1.77749,2.3551266,1.5884601,518.45886,452.29337,705.05438,443.81888,942.14783,.23649999,.010000229,-.13347498,,.010000229,0,459.81454,437.34903,575.49103,11.77,1459.5079,445.90714,3.8599999
2002,4,0,0,,0,0,0,0,0,0,2.48,5.21,6.4707227,1.931259,2.8108091,1.7698607,518.90607,452.69815,701.39465,444.00665,942.41205,.37900001,-.0074999332,-.24806343,,0,-.0074999332,460.01578,437.63858,573.75226,11.16,1459.6998,445.88962,3.73
2002,5,-.02,-.37351999,,-.50116938,-.026222261,0,-.02,0,-.026222261,2.3499999,5.1599998,6.4673729,1.8788818,3.0451357,1.8864198,519.01752,453.13342,698.42206,444.01865,942.45538,.48640001,.018499851,-.12424786,,.018499851,0,460.21655,437.73911,569.77631,11.44,1460.1454,445.97153,3.9100001
2002,6,-.0099999998,-.60478997,,-.74804968,.021926409,0,-.0099999998,.021926409,0,2.2,4.9299998,6.3037949,1.609315,3.0721052,2.0502236,519.07324,454.07779,692.17047,444.10788,942.88953,.8818,.0014998913,-.46475339,,.0014998913,0,460.51703,437.76419,559.76501,10.5,1459.8385,446.18195,3.6800001
2002,7,0,0,,0,0,0,0,0,0,1.96,4.6500001,6.1981225,1.4181727,3.1696429,2.0821428,519.29572,453.84543,680.87982,444.29599,943.36108,1.4642,-.0074999332,-.10369776,,0,-.0074999332,459.91522,437.93982,548.57172,11.59,1460.0547,446.55658,3.45
2002,8,-.039999999,-.69761002,,-.95914096,-.094932511,0,-.039999999,0,-.094932511,1.76,4.2600002,5.9781499,1.3163273,2.7981801,2.0627873,519.57306,453.87793,681.62463,444.48831,942.78613,1.3775001,-.0010001659,-.56358051,,0,-.0010001659,460.41696,438.11511,544.35431,12.27,1460.3571,446.8533,3.3
2002,9,-.0049999999,-.95709997,,-.55322844,.0053023798,0,-.0049999999,.0053023798,0,1.72,3.8699999,5.5646048,1.259045,2.8493433,2.0610015,519.73914,454.02219,676.86194,444.68115,943.04376,1.5314,-.0074999332,-1.0961273,,0,-.0074999332,460.51703,438.34006,535.54376,12.33,1460.2194,447.05081,3.03
2002,10,0,0,,0,0,0,0,0,0,1.65,3.9400001,5.7645955,1.1477864,2.8767858,2.1294644,519.96014,453.68979,675.06702,444.89832,942.92236,1.3714,.040999889,.015222162,,0,.040999889,459.91522,438.48975,531.80341,13.46,1460.4689,447.15527,3.02
2002,11,-.085000001,-.92593002,,-.4782536,-.10658477,0,-.085000001,0,-.10658477,1.49,4.0500002,5.7934527,1.1288947,2.6095238,2.068254,520.12555,454.19727,681.48785,445.03876,943.13141,1.0177,.024999857,-1.1627923,,.024999857,0,460.41696,438.48975,539.13782,10.78,1460.3982,447.2659,2.95
2002,12,.0099999998,-.33811,,-.2257687,.040893834,.0099999998,0,.040893834,0,1.45,4.0300002,5.8038144,1.1779,2.664423,2.0919871,520.29071,453.70959,680.1142,445.14618,943.4895,.86309999,-.047499657,-.99820578,,0,-.047499657,459.10712,438.65164,536.49121,10.31,1460.2814,447.41299,2.6300001
2003,1,.029999999,.16534001,,.077271312,.069785483,0,.029999999,0,.069785483,1.36,4.0500002,5.8174381,1.3751762,2.6962962,2.2296295,520.7298,454.28384,679.72693,445.34872,943.41681,.8301,.01150012,1.2654259,,0,.01150012,460.61697,439.1358,532.93787,8.5699997,1460.245,447.66953,2.52
2003,2,0,0,,0,0,0,0,0,0,1.3,3.9000001,5.6265683,1.6295,2.6823688,2.2119286,521.27594,454.60123,673.04004,445.66989,944.19177,.59420002,.013000011,-1.6505882,,.013000011,0,460.71683,439.44492,524.5896,8.1400003,1460.1808,447.85065,2.3299999
2003,3,-.02,-.50717002,,-.29854548,.0087849321,0,-.02,.0087849321,0,1.24,3.8099999,5.5301571,1.6736333,2.6481481,2.281713,521.43921,454.37372,674.12537,445.90967,943.51617,.078000002,.049999952,-1.3252834,,.049999952,0,460.01578,439.72845,520.94635,8.46,1459.9532,448.02127,2.3
2003,4,0,0,,0,0,0,0,0,0,1.27,3.96,5.6530619,1.5408238,2.6509545,2.2929544,521.05786,453.65338,679.14319,445.90915,944.37585,.0163,.016499996,-.49355844,,.016499996,0,460.31683,439.59296,528.76593,7.0599999,1460.119,448.10413,2.3900001
2003,5,-.039999999,.17834,,.057117216,-.072969258,-.039999999,0,-.072969258,0,1.1799999,3.5699999,5.2061143,1.3233905,2.7088695,2.2858551,520.89398,453.67328,684.14423,445.92184,944.26715,-.58929998,.021499872,-1.0123566,,.021499872,0,458.8024,439.55597,530.82031,6,1460.1691,448.26404,2.0699999
2003,6,.105,-.27153,,-.18781608,.16752341,.105,0,.16752341,0,1.01,3.3299999,4.9804478,1.3088572,2.8355236,2.129781,521.00323,453.81955,689.56781,446.05521,945.24841,-.42950001,-.052500248,-.75450683,,0,-.052500248,458.70062,439.71616,536.35217,5.4099998,1460.3409,448.53214,2
2003,7,0,0,,0,0,0,0,0,0,1.12,3.98,5.7158046,1.5042,2.9407408,1.9666667,521.33038,454.23837,689.99646,446.26917,945.80634,-1.0964,.012499809,-.038455002,,.012499809,0,460.31683,439.88837,537.58252,5.1799998,1460.4521,448.8801,2.0899999
2003,8,0,-.10492,,-.075863376,-.020500993,0,0,0,-.020500993,1.3099999,4.4499998,6.2487998,1.8101286,3.1470239,1.9074404,521.76495,454.04941,689.72321,446.51917,946.22961,-.19660001,0,0,,0,0,459.30975,440.10938,540.41907,5.0100002,1460.8809,449.11777,2.3199999
2003,9,0,-.18494999,,-.13104099,.017527979,0,0,.017527979,0,1.24,4.27,6.0395951,1.8039,3.4846153,1.9320513,522.0896,454.6759,692.65009,446.7562,946.81982,-.58139998,.0025002956,.051622964,,0,.0025002956,459.00565,440.37881,542.41339,4.3800001,1461.0414,449.26608,2.0899999
2003,10,-.0099999998,-.05012,,-.067090891,-.07269451,0,-.0099999998,0,-.07269451,1.25,4.29,6.0263863,1.9146591,3.6482143,1.8660715,521.98151,454.8009,694.57581,446.80032,947.22388,-.52029997,.0090000629,-.67819023,,.0090000629,0,461.31384,440.45218,541.84412,4.0599999,1461.6189,449.26315,2.3399999
2003,11,0,0,,0,0,0,0,0,0,1.34,4.3000002,5.9138446,1.9629111,4.0240741,1.8407408,522.03558,455.62152,695.68579,446.95447,947.62323,-.54180002,2.3841858e-07,.14671433,,0,2.3841858e-07,460.91623,440.57431,545.49884,3.6600001,1461.3197,449.29773,2.4100001
2003,12,.0049999999,-.05813,,-.076028295,.054547239,.0049999999,0,.054547239,0,1.3099999,4.27,5.8417182,1.9741955,4.3158336,1.8047222,522.30548,455.5502,698.58441,447.20901,947.55188,-.4955,-.0050001144,-.55596489,-.025,0,-.0050001144,461.31384,440.59872,547.88269,3.75,1461.4443,449.37531,2.26
2004,1,.0049999999,-.9677,.082799911,-.54345661,.15632111,.0049999999,0,.15632111,0,1.24,4.1500001,5.7330198,1.99392,4.6185184,1.6185185,522.73584,455.7485,703.1665,447.57562,947.31293,-.70880002,2.3841858e-07,-.40117687,.0099999998,2.3841858e-07,0,461.21457,440.95203,552.38666,3.7,1462.1377,449.586,2.1900001
2004,2,0,0,0,0,0,0,0,0,0,1.24,4.0799999,5.6462684,2.1727843,4.5381961,1.569706,522.95032,456.35437,704.18304,447.86746,948.25323,-.32820001,-.0045001507,-.20046827,-.0099999998,0,-.0045001507,461.80865,441.09784,553.68646,3.77,1461.9139,449.74545,2.02
2004,3,-.0049999999,-.072939999,.04309988,-.061503466,-.044507902,0,-.0049999999,0,-.044507902,1.1900001,3.8299999,5.3935132,2.2381477,4.4781189,1.7376429,523.16431,455.86423,702.46307,448.12546,948.66077,-.51599997,.020499945,.025300253,0,0,.020499945,461.61102,441.38885,552.35217,3.6700001,1462.1614,449.94376,1.9299999
2004,4,0,0,0,0,0,0,0,0,0,1.4299999,4.3499999,5.8737764,2.3109858,4.3633814,1.8520833,523.32452,456.2944,703.29437,448.38931,948.56073,-.7367,.049499989,-.079087913,.14,.049499989,0,462.20273,441.66696,554.11572,3.3399999,1462.3954,450.15259,2.1700001
2004,5,-.0049999999,.36567,.069000006,.13141021,.023051457,-.0049999999,0,0,.023051457,1.78,4.7199998,6.1409349,2.467675,4.3458204,2.148519,523.75055,457.10672,700.63635,448.73428,949.35779,-.3466,.007999897,-.39569932,.0099999998,.007999897,0,462.49728,441.94427,549.87457,3.71,1462.8329,450.32181,2.3
2004,6,-.0099999998,.28121999,-.0067000389,.2052774,-.0044783046,-.0099999998,0,-.0044783046,0,2.1199999,4.73,6.0599141,2.4821999,4.2897463,2.3434975,524.12177,456.28763,703.25586,449.04355,948.61328,-.35969999,-.011000156,.2686463,.02,-.011000156,0,462.49728,442.05258,552.04938,3.55,1462.583,450.46658,2.3599999
2004,7,0,0,0,0,0,0,0,0,0,2.0999999,4.5,5.7972431,2.3638477,4.1218171,2.4194179,524.2276,457.04764,700.91693,449.20645,949.75739,-.3026,.014000416,-.22791085,.0099999998,.014000416,0,463.0838,442.19684,550.19214,3.5999999,1463.3242,450.59467,2.3199999
2004,8,.03999,-.29910001,-.0035998821,.40495259,.064900227,.03999,0,0,.064900227,2.02,4.2800002,5.5879636,2.3196092,3.9475071,2.5222867,524.28046,457.12897,699.29553,449.31873,949.74957,-.4201,.0099999905,.055164699,-.0099999998,0,.0099999905,461.51205,442.42477,547.60449,3.5899999,1462.7236,450.75391,2.22
2004,9,-.0099999998,.063929997,-.010699987,.22605421,.0022720452,-.0099999998,0,0,.0022720452,2.1199999,4.1300001,5.3660479,2.2160666,3.7392473,2.4638176,524.59711,457.20786,701.88251,449.48386,949.65302,-.5564,.0074999332,-.0047669709,.0175,.0074999332,0,462.69318,442.47269,551.34479,3.3,1462.7158,450.91837,2.3199999
2004,10,0,0,0,0,0,0,0,0,0,2.23,4.0999999,5.30404,2.343075,3.7197428,2.4143972,525.12256,458.14963,701.93579,449.75168,950.54614,-.53189999,-.007250309,-.05430739,-.0074999998,0,-.007250309,463.0838,442.77167,552.96625,3.26,1463.3796,451.14484,2.27
2004,11,-.0099900002,.084109999,-.0078999996,.020945443,-.013883591,-.0099900002,0,-.013883591,0,2.5,4.1900001,5.2842951,2.5818851,3.5509558,2.426182,525.59314,458.33612,706.43481,450.06754,950.4903,-.66100001,-.007999897,-.089909233,.0074999998,0,-.007999897,462.10434,442.75974,556.06702,3.02,1463.0833,451.30579,2.22
2004,12,-.0049999999,.058329999,-.00049996376,.00017704,.0020373615,-.0049999999,0,0,.0020373615,2.6700001,4.23,5.2402453,2.608891,3.5960991,2.5205562,525.59314,459.05591,708.98151,450.28967,950.64679,-.71539998,-.0069999695,-.29252225,-.0049999999,0,-.0069999695,462.20273,442.86716,557.91443,2.8699999,1463.4052,451.46558,2.28
2005,1,0,0,0,0,0,0,0,0,0,2.8599999,4.2199998,5.0390401,2.5427101,3.5757473,2.4940107,525.54102,459.51401,707.45874,450.59262,951.81567,-.70609999,-.0075848103,-.066560604,-.0099999998,0,-.0075848103,462.88867,442.91489,559.62915,2.8900001,1463.8311,451.58075,2.22
2005,2,0,.0050400002,.056200027,-.020828769,.0038835218,0,0,.0038835218,0,3.03,4.1700001,4.8126211,2.6487684,3.4780457,2.3746738,525.95764,460.19058,708.98474,450.9758,951.39258,-.94779998,.00049996376,-.26038927,.0137,.00049996376,0,462.3992,443.15308,563.11682,2.5699999,1463.3545,451.73764,2.27
2005,3,.0099999998,-.28511,.073499918,-.17558037,.089912698,.0099999998,0,.089912698,0,3.3,4.5,5.0894909,2.8608999,3.6499071,2.4685445,526.3208,460.03397,708.49609,451.2995,951.64276,-.65689999,-.0069999695,.18909563,-.0255,-.0069999695,0,462.3992,443.50934,563.42249,2.6500001,1463.1512,451.91071,2.29
2005,4,0,0,0,0,0,0,0,0,0,3.3199999,4.3400002,4.9250193,2.7622049,3.6418142,2.62604,526.63104,460.16821,705.99811,451.55347,951.92743,-.44580001,-.0024998188,-.20723902,-.021299999,0,-.0024998188,463.76373,443.74612,562.0174,3.6099999,1463.5624,452.06134,2.0999999
2005,5,.0099999998,.32115999,-.061800003,.12748425,.038729887,0,.0099999998,0,.038729887,3.3299999,4.1399999,4.6621141,2.5684142,3.371525,2.7265024,526.57941,460.33264,707.25983,451.68622,951.6944,-.352,-.0039997101,.050183915,.0074999998,-.0039997101,0,462.3992,443.8407,562.0871,4.27,1464.298,452.18619,2.0999999
2005,6,.015,-.42657,-.049200058,-.26120573,.060721029,.015,0,.060721029,0,3.3599999,4,4.4245319,2.3648818,3.3848844,2.7676172,526.63104,460.73996,709.19543,451.80295,952.68292,-.51359999,.012999773,-.18039699,-.2177,.012999773,0,463.27853,444.04135,566.34912,4.0100002,1464.5472,452.28891,1.98
2005,7,0,0,0,0,0,0,0,0,0,3.6400001,4.1799998,4.5374699,2.3153751,3.3973343,2.7545271,527.24866,460.41666,710.73547,452.15552,952.90485,-.6099,.0064997673,.82458627,-.050000001,0,.0064997673,463.95715,444.33569,569.84308,3.55,1464.6194,452.40701,2.1400001
2005,8,-.0099999998,.23399,-.058700085,.035919484,-.0068225823,-.0099999998,0,-.0068225823,0,3.8699999,4.2600002,4.5688305,2.4013653,3.4565175,2.706424,527.86249,460.61948,711.01001,452.49591,953.39154,-.6182,.0040001869,-.06026293,.0052,.0040001869,0,462.88867,444.60571,571.39154,3.3499999,1464.5492,452.58109,2.1400001
2005,9,.029999999,-.12166,-.029600143,-.093125314,.044277754,.029999999,0,.044277754,0,3.8499999,4.1999998,4.5762858,2.5973618,3.3535178,2.9196618,529.22992,458.76617,711.11499,453.18042,952.59491,-.50669998,-.0010001659,.030112764,.0089999996,-.0010001659,0,464.15021,445.02692,573.13879,3.3800001,1465.2305,452.84949,2.23
2005,10,0,0,0,0,0,0,0,0,0,4.1799998,4.46,4.7865353,2.6243501,3.3358123,3.0571761,529.38074,460.01065,708.33582,453.33722,953.03967,-.3978,-.0042500496,-.24457726,-.042100001,0,-.0042500496,464.3429,445.14362,572.61023,3.28,1465.3452,453.11249,2.4100001
2005,11,0,.24188,-.057800055,.10836887,.025985787,0,0,0,.025985787,4.3299999,4.54,4.8631749,2.4788499,3.3347402,3.0932779,528.8772,461.02859,712.17792,453.30023,953.42493,-.3721,-.0075001717,.65358359,.0145,-.0075001717,0,465.77628,444.98022,574.51721,3.4200001,1465.5405,453.26993,2.6400001
2005,12,-.0049999999,.48447999,.00040006638,.23145702,-.0040245545,-.0049999999,0,-.0040245545,0,4.3499999,4.4699998,4.7530427,2.3013904,3.430593,3.0030119,528.8772,461.62268,714.07471,453.46664,954.26404,-.35499999,-.019999981,.32872194,0,-.019999981,0,465.20538,445.06195,578.61169,3.6300001,1465.5492,453.39722,2.71
2006,1,.025,-.28159001,.071099997,-.1623847,.051677514,.025,0,.051677514,0,4.4499998,4.4200001,4.6449747,2.4054899,3.3791516,2.8406849,529.48114,461.74081,715.28522,453.94464,954.31348,-.40920001,-.016000032,.025144063,-.02,-.016000032,0,465.68134,445.33002,581.57129,3.5599999,1466.2218,453.46677,2.77
2006,2,0,0,0,0,0,0,0,0,0,4.6799998,4.5700002,4.6872792,2.6027842,3.2249501,2.831383,529.53131,461.78445,715.24054,454.1358,954.57977,-.37400001,-.003000021,.12134015,-.017899999,-.003000021,0,465.77628,445.50449,585.49921,3.3499999,1466.3308,453.56906,2.8499999
2006,3,.029999999,-.64595002,.026599884,-.39754373,.073150493,.029999999,0,.073150493,0,4.77,4.7199998,4.9066086,2.6070521,3.2816424,2.7984352,529.68164,461.9715,716.52936,454.36938,955.44635,-.44220001,.0014998913,-.61269349,.0285,.0014998913,0,466.4382,445.66702,588.04175,3.0999999,1466.5367,453.71005,3.0799999
2006,4,0,0,0,0,0,0,0,0,0,4.9000001,4.9899998,5.2457209,2.6170843,3.2315619,2.7581909,530.18115,462.40036,717.12964,454.72717,954.92969,-.47549999,-.07249999,.53778875,.0103,-.07249999,0,466.62653,446.06067,589.23737,2.8599999,1467.2943,453.92584,3.1700001
2006,5,.035,-.15511,.038100004,-.14349332,.075892329,.035,0,.075892329,0,5,5.1100001,5.3912816,2.695941,3.2218621,2.9065807,530.47961,462.26062,716.2066,454.95258,955.15808,-.36919999,.0039999485,-.02851931,-.0044999998,.0039999485,0,468.12048,446.30304,586.29181,2.8900001,1467.2455,454.12131,3.2
2006,6,-.025,.49364999,.064800024,.24557573,-.024653127,-.025,0,-.024653127,0,5.1599998,5.1100001,5.3044772,2.5989454,3.1603174,2.9999452,530.72772,462.62503,713.33929,455.17532,955.08319,-.41069999,-.032500029,.33603176,-.039999999,-.032500029,0,468.12048,446.46429,580.45013,3.04,1467.7939,454.30194,3.3800001
2006,7,0,0,0,0,0,0,0,0,0,5.2199998,5.0900002,5.254375,2.5650549,3.1124644,2.9746618,531.2713,462.59421,713.98108,455.46225,954.69794,-.32010001,.021999836,-.098460823,-.0175,.021999836,0,467.93497,446.76309,582.76306,3.02,1467.7441,454.48691,3.3900001
2006,8,-.035,-.26456001,.022300005,-.21877581,-.025704235,0,-.035,0,-.025704235,5.0799999,4.8800001,5.0837827,2.5187173,2.9825072,3.1145751,531.71393,462.94003,716.01868,455.75632,955.0871,-.3459,.013499737,.16448358,0,0,.013499737,468.30566,446.88922,586.09399,2.8699999,1467.9489,454.6597,3.48
2006,9,0,-.24016,-.052100062,-.18408456,.033110213,0,0,.033110213,0,4.9699998,4.7199998,4.9461598,2.26458,2.8940721,2.963275,531.22205,462.76682,718.34778,455.72455,955.45465,-.421,0,0,0,0,0,468.39813,446.76309,588.59216,2.8299999,1468.5012,454.79749,3.5599999
2006,10,-.0049999999,-.039889999,.037200093,-.074787743,.0081592333,0,-.0049999999,.0081592333,0,5.0100002,4.73,4.9235096,2.1424904,2.8102932,2.7620146,530.77728,462.72241,721.77252,455.71255,955.62799,-.44049999,.00050020218,.09137582,.044500001,0,.00050020218,468.21313,446.72864,592.89532,2.6500001,1468.5557,454.9476,3.7
2006,11,0,0,0,0,0,0,0,0,0,5.0100002,4.5999999,4.7610478,2.1308763,2.6111968,2.4583371,530.82678,462.63629,723.66455,455.90833,956.15039,-.41690001,-.0034999847,-.94956285,.0037,0,-.0034999847,469.043,446.82043,595.27832,2.46,1469.205,455.15668,3.7
2006,12,-.0049999999,.28273001,-.012700081,.11063092,-.015745651,-.0049999999,0,-.015745651,0,4.9400001,4.5599999,4.7594452,2.20069,2.4238219,2.0647283,531.36987,463.68539,725.56976,456.36798,955.70276,-.53130001,.004999876,.80563831,.0049999999,0,.004999876,470.95303,446.93506,596.49719,2.3199999,1469.563,455.42599,3.8499999
2007,1,-.0049999999,.52272999,.0032000542,.20362331,.0084792124,-.0049999999,0,0,.0084792124,5.0599999,4.7600002,4.9181142,2.2410047,2.4226139,1.8046317,531.53564,463.19379,726.1181,456.7868,955.73956,-.58279997,-.02850008,.84151858,.012,-.02850008,0,469.95709,447.18674,599.25415,2.21,1469.4117,455.78549,3.95
2007,2,0,0,0,0,0,0,0,0,0,5.0500002,4.7199998,4.8990369,2.3208632,2.6915817,1.7897234,531.92273,464.21375,727.60944,457.13571,956.26147,-.60930002,.00099992752,-.25855234,-.000099999997,.00099992752,0,470.50156,447.33517,601.68811,2.04,1469.583,456.03473,3.9200001
2007,3,-.01501,.88762999,.013200045,.43840328,-.070116676,-.01501,0,-.070116676,0,4.9200001,4.5599999,4.8417726,2.3963819,2.5264289,1.9450929,532.44141,464.39465,724.91809,457.41422,955.61401,-.39719999,.0050001144,-.061786786,-.02,.0050001144,0,471.13303,447.5517,598.52985,2.3,1470.7439,456.23111,4.02
2007,4,0,0,0,0,0,0,0,0,0,4.9299998,4.6900001,4.9882236,2.4347477,2.4594796,2.1264391,532.74103,465.11728,728.80396,457.51288,956.47839,-.3989,-.0069999695,-.33717263,.0017,0,-.0069999695,469.95709,447.99469,604.43121,2.0599999,1470.5054,456.40533,4.1399999
2007,5,.0049999999,-.1418,-.0046999454,-.10625944,.056310099,.0049999999,0,.056310099,0,4.9099998,4.75,4.98595,2.3608909,2.3336806,2.3606524,533.15344,465.15833,732.07495,457.68173,956.76031,-.62040001,.0044999123,-.12417517,.0123,.0044999123,0,471.76056,448.17587,606.77612,1.91,1470.0623,456.53156,4.3299999
2007,6,0,-.28916001,.006300211,-.22694772,.029055858,0,0,.029055858,0,4.96,5.0999999,5.3365808,2.3141191,2.4104829,2.49261,533.38489,465.16537,732.28339,457.81848,956.72369,-.41890001,.001999855,-.16948286,.0233,.001999855,0,471.76056,448.34543,607.1673,1.98,1470.8947,456.67972,4.3899999
2007,7,0,0,0,0,0,0,0,0,0,4.96,5,5.3112764,2.2066524,2.4595852,2.53216,533.56274,465.12051,732.70538,457.93445,956.59094,-.033399999,.00050020218,.02516757,.020099999,0,.00050020218,471.84988,448.57108,606.69104,2.6500001,1470.3601,456.86023,4.3600001
2007,8,-.025,-.95973003,.15690005,-.59398705,.023530621,0,-.025,.023530621,0,4.4699998,4.6700001,5.1997132,1.9813043,2.3438482,2.5377505,533.59357,465.31238,728.24982,457.96753,957.53021,.084600002,.01099968,-.46495008,-.0155,.01099968,0,472.56165,448.62741,600.73004,3.71,1471.0854,457.03506,4.1100001
2007,9,-.17,1.3305399,.032000065,.75031424,-.20169875,-.17,0,-.20169875,0,4.1399999,4.52,5.1496263,1.9781842,2.2607551,2.4283426,534.01642,465.65894,731.05237,458.14709,957.8938,.0125,-.029500484,-.024917245,0,0,-.029500484,472.1174,448.86365,601.94208,3.97,1471.4116,457.27786,4.0799999
2007,10,.029999999,-.44209,.091700077,-.25967965,.088669293,.029999999,0,.088669293,0,4.0999999,4.5300002,5.174264,2.0859864,2.2598295,2.3890865,534.32428,465.17865,733.93158,458.22089,957.44678,-.080399998,.0065002441,-.12845555,-.0099999998,.0065002441,0,472.73877,449.20013,605.69495,3.5699999,1471.6265,457.57089,4.1199999
2007,11,0,0,0,0,0,0,0,0,0,3.5,4.1500001,5.0356798,2.243325,2.2635813,2.6120541,535.10712,465.70935,728.70587,458.4834,957.58618,.252,-.0084996223,-.37790769,-.0175,0,-.0084996223,472.20639,449.80304,601.9494,4.54,1471.6749,457.82285,3.9400001
2007,12,.029999999,-1.59674,-.04429996,-.93917882,.059167828,.029999999,0,.059167828,0,3.26,4.0999999,5.1970201,2.1544499,2.1057427,2.6037169,535.39648,465.70157,729.98297,458.65308,957.87762,.3937,-.0015001297,1.0381343,.012,-.0015001297,0,472.56165,449.93652,602.70276,4.8699999,1471.1481,457.94559,4.0700002
2008,1,-.255,-.16869,,-.063061535,-.26599324,0,-.255,0,-.26599324,2.71,3.74,5.0084238,2.0970619,1.973438,2.8176489,535.74066,465.41461,723.00781,458.87048,957.79584,.62669998,-.0050001144,-.25303739,.018999999,0,-.0050001144,473.61984,450.38016,594.05719,5.9699998,1471.774,458.05142,3.6300001
2008,2,0,0,0,0,0,0,0,0,0,2.05,3.74,5.2845798,2.1419599,1.7024245,2.7911587,535.98218,465.08517,721.12909,459.01691,956.20105,.82959998,-.031499863,-.28993678,.044,0,-.031499863,473.53207,450.51288,588.76935,7,1472.5626,458.14001,3.48
2008,3,.19,-1.05246,.11179996,-.56850153,.21315627,.19,0,.21315628,0,1.54,3.51,5.24823,2.170145,1.5460279,3.2551994,536.33929,464.84012,718.35223,459.17618,956.58783,1.0456001,.0034997463,1.426838,.072499998,0,.0034997463,472.91562,450.987,583.74017,7.7199998,1471.6288,458.37875,3.71
2008,4,-.075000003,.31143001,-.0069999695,.10565885,-.07385353,-.075000003,0,-.07385353,0,1.74,3.6800001,5.1558228,2.160491,1.519968,3.2487826,536.5705,464.09262,722.29083,459.24606,956.86578,.5636,.0054998398,-.14265642,.096000001,.0054998398,0,474.31915,451.20676,588.49719,6.79,1472.1105,458.61755,3.95
2008,5,0,0,0,0,0,0,0,0,0,2.0599999,3.8800001,5.1587429,2.3842571,1.5373347,3.3182423,537.16052,463.58719,724.5639,459.4498,956.90277,.59429997,-.0039997101,.76432103,.0155,-.0039997101,0,471.31274,451.77588,590.57025,5.8699999,1471.5336,458.83862,4.3200002
2008,6,.015,.10337,.10109997,.0018673552,.003144729,0,.015,0,.003144729,2.4200001,4.0999999,5.257338,2.4948809,1.5738147,3.3610289,538.20288,463.42279,720.1358,459.82437,958.29431,.69239998,.10449982,-.49171045,.071000002,.10449982,0,471.4921,452.25491,582.94965,6.48,1471.215,458.95074,4.5999999
2008,7,0,0,0,0,0,0,0,0,0,2.28,4.0100002,5.2226229,2.4137909,1.5046719,3.5507174,538.91449,462.8956,713.69354,460.0351,957.58575,.95450002,-.039999962,.85270411,.072999999,-.039999962,0,470.68237,452.54773,574.26123,8.1300001,1470.9712,458.92184,4.4400001
2008,8,-.029999999,.10375,-.053599954,.040837396,-.01301837,-.029999999,0,-.01301837,0,2.1800001,3.8900001,5.1605382,1.9306142,1.4857483,3.5620785,538.7655,461.4006,715.57648,460.09344,957.15015,1.0999,-.024000168,-.6684593,-.015,0,-.024000168,470.04803,452.35263,575.59479,8.6999998,1471.2705,458.96054,4.2800002
2008,9,.12,-.76837999,-.26560003,-.48878852,.12340459,.12,0,.12340459,0,1.91,3.6900001,5.1207571,1.3031952,1.5145681,3.432909,538.85101,456.99979,710.66064,460.44705,955.97015,1.6214,-.020999432,-.89425212,-.152,0,-.020999432,469.2265,452.43939,570.8147,9.8000002,1471.1362,459.13443,3.24
2008,10,-.05999,-2.6150899,-.10520011,-1.3209203,-.07811819,0,-.05999,0,-.07811819,1.42,3.8099999,6.1060452,-.042740908,.38798317,2.8525698,537.98743,457.94031,687.6059,460.56326,955.10864,3.1241,-.13350034,-.87339282,-.23550001,0,-.13350034,466.72055,452.29834,548.70508,17.02,1470.538,459.38544,2.3900001
2008,11,0,0,0,0,0,0,0,0,0,1.0700001,3.53,6.1228223,-1.1551944,-.28184009,1.8499852,536.20105,456.70456,678.3634,460.22867,955.58624,2.6445999,.16450024,-2.1383674,-.31799999,.16450024,0,462.69318,451.88495,541.62439,20.290001,1469.158,459.5455,1.98
2008,12,-.18501,1.7103699,.15089989,.89903313,-.30001915,-.18501,0,-.30001915,0,.49000001,2.4200001,4.5306411,-1.4063091,-1.1001041,.6089493,535.37427,453.7356,677.66809,460.19983,953.54053,2.7451,.027499795,-.25873765,-.063500002,.027499795,0,459.2085,451.50266,538.91113,22.780001,1468.3719,459.60486,1.61
2009,1,0,-.093950003,.059499979,-.099234551,.0087031834,0,0,.0087031834,0,.44,2.52,4.6832952,-.61142498,-1.7613083,-.52454042,535.62701,451.34024,676.45605,460.47549,953.63348,2.4233,-.014999986,-1.3511556,-.041999999,0,-.014999986,454.96576,451.55737,537.29388,18.959999,1467.1073,459.69962,1.22
2009,2,0,0,0,0,0,0,0,0,0,.62,2.8699999,5.0484424,.19908947,-1.7550329,-.66208434,535.9906,450.68835,669.24658,460.69382,953.45984,2.8929,-.056249976,-.5288958,-.164,0,-.056249976,452.72086,451.72128,530.01257,19.950001,1466.2523,459.7417,1.05
2009,3,-.0099999998,1.5276,.14430001,.81970161,-.030510254,-.0099999998,0,-.030510254,0,.63999999,2.8199999,4.8033729,.25223637,-2.0632558,-.51071179,535.89185,449.07834,662.95306,460.56082,953.10718,2.4247999,.016250014,.38054597,.043499999,0,.016250014,451.52454,451.6011,521.8371,21.459999,1465.6809,459.7001,.92000002
2009,4,.0049999999,.75173998,-.0123,.39168555,.036469493,0,.0049999999,0,.036469493,.55000001,2.9300001,4.8054142,.60078096,-1.6172755,-.15184747,535.99249,448.17316,674.35126,460.42169,953.08112,2.0339999,.04399997,.45929044,-.029999999,0,.04399997,450.09201,451.74313,534.37299,18.940001,1466.261,459.69608,.99000001
2009,5,0,0,0,0,0,0,0,0,0,.5,3.29,5.3583498,.81515002,-1.3254508,.0068046148,536.13953,447.09802,680.42542,460.30472,953.32404,1.1943001,-.028000057,-1.1970288,.029999999,0,-.028000057,452.39603,451.80859,541.9364,17.08,1465.9447,459.68665,.91000003
2009,6,0,-.50384003,-.12849998,-.30359137,.06073036,0,0,.06073036,0,.50999999,3.72,5.73,1.3130363,-.82887411,.34750414,536.96606,446.6655,683.09985,460.51071,953.29132,.77600002,.032999992,-.47902808,-.0385,.032999992,0,453.04468,452.09186,542.36328,14.79,1466.1053,459.75867,.83999997
2009,7,0,0,0,0,0,0,0,0,0,.47999999,3.5599999,5.5675273,1.024841,-.27008724,.61035281,536.93628,447.7121,683.95923,460.33975,953.16779,.19400001,-.055500031,-1.3977941,0,0,-.055500031,453.25995,451.91763,542.93988,13.57,1466.7177,459.81973,.73000002
2009,8,-.0049999999,-.25911,.0039000213,-.15829137,.0024324185,0,-.0049999999,.0024324185,0,.46000001,3.5899999,5.4544902,1.0451809,.26002669,.84723485,537.27057,448.81125,691.74329,460.40137,953.75397,-.065499999,-.0095000267,-.49645403,.0099999998,0,-.0095000267,453.47476,452.168,552.43256,10.86,1465.9611,459.92938,.73000002
2009,9,-.015,.63446999,-.024899989,.31931981,-.078189917,-.015,0,-.078189917,0,.40000001,3.4000001,5.2445192,1.1519858,.77130353,1.0860816,537.46344,449.5611,695.1344,460.43008,953.78009,-.042399999,-.015500039,-1.7021691,.1235,0,-.015500039,455.70297,452.10275,557.58026,9.8100004,1466.3402,459.99643,.72000003
2009,10,0,0,0,0,0,0,0,0,0,.37,3.3900001,5.1870904,1.337738,1.323153,1.3067704,537.76318,449.88492,697.32281,460.58252,954.93866,-.2261,-.010499954,-.29185343,.001,0,-.010499954,455.07141,452.13538,559.3689,8.6199999,1466.6869,460.07748,.85000002
2009,11,-.0099900002,.07677,.0094000101,.024208052,-.0035097799,-.0099900002,0,-.0035097799,0,.31,3.4000001,5.3346419,1.5860263,1.8544805,1.629127,538.09753,450.29282,699.216,460.71439,954.58514,-.082400002,-.011500031,1.3544984,.0165,-.011500031,0,455.3877,452.3309,558.13623,8.3199997,1466.772,460.13824,.80000001
2009,12,-.0049999999,-.095190004,.03579998,-.082826734,.019127253,0,-.0049999999,.019127253,0,.37,3.5899999,5.5389228,1.7260864,2.2494898,1.9273069,538.14954,450.56427,701.24554,460.7619,953.93152,-.52429998,-.032000005,.18559924,.0070000002,-.032000005,0,455.59799,452.39603,559.86444,7.8000002,1467.2311,460.1329,.76999998
2010,1,0,.081900001,-.042400002,.0046309126,.042758502,0,0,0,.042758502,.34999999,3.73,5.6313157,1.9069,2.9102645,2.2224553,538.21436,451.70337,702.42767,460.91861,954.61359,-.2218,-.011500031,-.12693505,-.020200001,0,-.011500031,457.16135,452.66681,561.13654,6.8699999,1466.6943,460.11255,.69
2010,2,0,0,0,0,0,0,0,0,0,.34999999,3.6900001,5.6477842,1.8361,3.103195,2.2627313,538.11914,452.06879,699.31622,461.00482,954.8056,-.015900001,.00099998713,-1.3175796,-.14399999,.00099998713,0,456.74683,452.69925,554.91748,7.1999998,1467.2651,460.08569,.50999999
2010,3,-.0099999998,.18716,.013700008,.071792193,-.018815573,-.0099999998,0,-.018815573,0,.40000001,3.73,5.5751781,1.8340956,3.1098263,2.1352966,538.15228,452.76346,704.92963,461.19092,955.48157,-.14470001,-.0020000041,.22658944,.0099999998,-.0020000041,0,458.39465,453.04468,560.81775,6.8099999,1467.9215,460.15039,.54000002
2010,4,-.0099999998,.20239,.025400043,.087424666,.0045577851,-.0099999998,0,0,.0045577851,.44999999,3.8499999,5.5782681,1.9694409,3.1309497,2.0197482,538.17529,453.1825,708.78375,461.33176,955.84167,-.27419999,.0015000105,.11092604,-.021,0,.0015000105,459.10712,453.38889,562.98511,6.0799999,1467.9667,460.23291,.47999999
2010,5,0,0,0,0,0,0,0,0,0,.37,3.4200001,5.1556249,1.7346801,3.2319522,1.9858766,538.12329,454.67398,702.55945,461.48523,955.85278,-.1867,.013999999,-.31385952,-.061000001,.013999999,0,460.81656,453.44257,553.21851,7.3400002,1468.0782,460.30087,.23
2010,6,0,.34373,-.074000001,.17439151,.024288978,0,0,0,.024288978,.31999999,3.2,4.9181089,1.5369409,3.2012329,1.7000076,538.08142,454.86591,698.78235,461.62292,956.27832,-.0383,-.005499959,1.0167587,.0049999999,-.005499959,0,460.71683,453.50696,553.41394,8.0299997,1469.0023,460.4166,.28999999
2010,7,0,0,0,0,0,0,0,0,0,.28999999,3.01,4.734262,1.3105571,3.0516789,1.5972766,538.26813,455.32629,698.45337,461.77939,956.729,.1234,.029500067,.63990408,.035,0,.029500067,460.61697,453.65701,554.17236,7.2399998,1468.605,460.60251,.54000002
2010,8,0,.69335002,.015400052,.35931787,-.0053416658,0,0,-.0053416658,0,.25999999,2.7,4.3077002,1.2235454,2.8164883,1.4835,538.41418,455.74338,699.14362,461.94708,956.42706,-.40669999,-.0044999719,-.35802746,-.0015,0,-.0044999719,460.91623,453.75336,555.63251,6.6500001,1468.5728,460.73541,.41999999
2010,9,.0049999999,.62963998,.071700037,.30543745,.011664675,0,.0049999999,0,.011664675,.25999999,2.6500001,4.2695665,1.2253429,2.516362,1.4659685,538.57556,456.02386,702.29413,462.08093,956.83167,-.075000003,-.0080000162,.36531109,.066,-.0080000162,0,461.70987,453.86029,557.83417,6.21,1469.0634,460.81241,.60000002
2010,10,0,0,0,0,0,0,0,0,0,.23,2.54,4.2546148,1.496805,2.4507227,1.5136842,538.92316,455.78531,706.61121,462.30231,957.41486,-.031500001,.0065000057,-.49609524,-.0735,.0065000057,0,462.59528,454.03116,560.3338,5.5300002,1469.615,460.86893,.86000001
2010,11,.0049999999,-.48747,.021599948,-.30511743,.015636347,.0049999999,0,.015636347,0,.25,2.76,4.5325398,1.565995,2.4397905,1.4615594,539.17621,455.82495,708.91504,462.44257,956.99268,-.16670001,-.0080000758,-.063023098,.0049999999,0,-.0080000758,463.18121,454.23367,560.66461,5.7800002,1469.2532,460.91666,.67000002
2010,12,0,.0088299997,.024099946,-.028033096,.015572868,0,0,.015572868,0,.28999999,3.29,5.1345272,1.7345272,2.6714196,1.4919014,539.57709,456.68909,712.40955,462.59521,957.40186,-.41980001,-.03549999,-.10992184,.082999997,0,-.03549999,463.95715,454.57385,562.22455,6,1469.1028,460.96307,.56
2011,1,-.0049999999,-.058570001,.031700015,-.067056425,.0058734934,0,-.0049999999,.0058734934,0,.27000001,3.3900001,5.2618999,1.964745,3.1928163,1.6570812,539.90088,456.58615,715.66583,462.70279,956.35278,.0233,.0099999905,.10516001,.032499999,0,.0099999905,463.76373,455.05029,564.47766,5.5100002,1469.8125,461.03992,1.04
2011,2,0,0,0,0,0,0,0,0,0,.28999999,3.5799999,5.3279209,2.1179738,3.2426832,1.9109027,540.2218,456.14639,718.62329,462.85953,956.41583,-.24250001,-.022499979,.1023407,-.027000001,-.022499979,0,464.63123,455.28238,567.77069,5.0100002,1470.3721,461.09464,1.1
2011,3,0,.28501001,-.019799948,.13993657,.025159407,0,0,0,.025159407,.25999999,3.4100001,5.1539521,2.2867913,3.11748,2.281574,540.73779,457.10394,717.35645,463.10114,957.75024,-.28380001,.10700005,-.27681288,.1,.10700005,0,464.63123,455.67151,564.16461,5.0599999,1470.1472,461.21106,1.3200001
2011,4,-.0049999999,.14414001,.026600122,.050717529,.0038952674,-.0049999999,0,0,.0038952674,.25,3.46,5.1833148,2.40047,3.0094745,2.5429263,541.20612,456.71848,719.40649,463.3981,957.94904,-.24600001,.016000032,.40577641,-.017000001,0,.016000032,464.3429,455.9859,566.12726,4.8800001,1470.0768,461.32834,1.46
2011,5,0,0,0,0,0,0,0,0,0,.19,3.1700001,4.9342618,2.1915238,2.8457062,2.693517,541.5238,456.94092,719.91632,463.66257,957.60663,-.1287,-.07099998,.28567505,-.037999999,-.07099998,0,464.82297,456.05911,564.90289,4.98,1470.0104,461.41977,1.4
2011,6,-.0049999999,.095720001,-.0054000616,.011612726,.022737553,-.0049999999,0,0,.022737553,.18000001,3,4.8576136,1.9528455,2.7677994,2.6511428,541.5238,457.17685,716.02936,463.7814,957.18042,-.003,.0010000467,.47377849,.105,0,.0010000467,463.27853,456.08002,560.90643,5.4699998,1470.1757,461.49078,1.39
2011,7,0,0,0,0,0,0,0,0,0,.19,3,4.9123349,2.0544,2.7391334,2.5902219,541.78546,457.60678,718.93073,464.04224,957.64014,-.070500001,.010999918,.090911426,.039999999,0,.010999918,464.63123,456.30975,560.01007,5.9899998,1470.0825,461.58301,1.11
2011,8,-.0049999999,-.89025003,-.047600031,-.58574378,-.0106027,0,-.0049999999,0,-.0106027,.11,2.3,3.9001999,1.7706348,2.1394496,2.5051837,542.1004,458.19293,707.77557,464.25296,958.17047,-.2041,-.10900003,-.96968746,-.1075,0,-.10900003,465.20538,456.45566,542.4386,7.8400002,1470.2112,461.70087,.64999998
2011,9,.02,-.26923999,.010799885,-.18631215,.073078938,.02,0,.073078938,0,.1,1.98,3.3208382,1.5709763,1.9647865,2.4158211,542.31732,458.11725,706.80688,464.34875,957.49048,.2823,.014499962,1.3377904,.028999999,0,.014499962,463.66687,456.70529,535.92188,9.1800003,1470.1796,461.84558,.38
2011,10,0,0,0,0,0,0,0,0,0,.11,2.1500001,3.5076799,1.63705,1.8633755,2.3435731,542.38483,458.8252,709.60724,464.3075,959.24493,-.2341,.11750007,-1.6012172,-.0035000001,.11750007,0,463.27853,456.92322,542.0899,9.1800003,1469.6763,461.99994,.41999999
2011,11,.0099999998,-.15527999,.010200024,-.12672614,.029844441,.0099999998,0,.029844441,0,.11,2.01,3.31071,1.77667,2.014555,2.2866511,542.5694,458.69849,711.185,464.36905,958.77759,.38069999,-.084999979,3.0566707,.111,-.084999979,0,463.37576,457.14066,538.995,8.9300003,1469.8365,462.11685,.1
2011,12,0,-.75199002,-.020699978,-.44790435,.026595177,0,0,.026595177,0,.12,1.98,3.2416525,1.7333286,2.08797,2.1511564,542.5932,459.20068,712.55426,464.40341,958.60748,.1445,.00050002337,-.86188406,-.013,.00050002337,0,462.88867,457.25436,540.34515,9.6899996,1469.8516,462.19617,-.02
2012,1,0,.34101999,.050999999,.15228797,-.001759031,0,0,-.001759031,0,.12,1.97,3.2455399,1.812665,2.2402544,1.9426895,542.86523,459.84113,717.0564,464.66531,959.15686,.050500002,.0034999549,-.86568999,.056000002,.0034999549,0,462.30103,457.67706,545.2854,9.5,1470.0179,462.30215,.090000004
2012,2,0,0,0,0,0,0,0,0,0,.16,1.97,3.2351451,2.053345,2.2687101,2.0357614,543.07874,460.138,720.97009,464.88394,960.2356,-.058600001,-.0015000105,-.21954516,.021000002,0,-.0015000105,462.69318,458.00574,551.03711,8.1000004,1469.1167,462.39117,.13
2012,3,0,-.055679999,.049000025,-.057784263,.027912987,0,0,.027912987,0,.19,2.1700001,3.4965272,2.1764591,2.3181145,2.222955,543.2879,459.58005,723.65118,465.10883,959.22748,-.46020001,.00049996376,-.24315122,.048,.00049996376,0,462.79095,458.30267,552.43817,7.23,1469.7023,462.50418,.12
2012,4,0,-.04978,-.024299979,-.061921902,.018006468,0,0,.018006468,0,.18000001,2.05,3.337357,2.076262,2.3779676,2.2837226,543.4538,460.37952,723.44867,465.27094,959.82806,-.285,.0024999678,-.2726649,-.0099999998,.0024999678,0,461.80865,458.56815,545.9751,7.6799998,1469.0621,462.63345,.039999999
2012,5,0,0,0,0,0,0,0,0,0,.19,1.8,2.8990409,1.9445591,2.3689427,2.2135053,543.24677,460.55542,720.13745,465.32462,960.02325,-.26359999,.0094999969,-.74159986,.02,.0094999969,0,462.3992,458.46613,540.21759,8.21,1469.3563,462.6817,0
2012,6,.0099999998,-.0517,.0069999695,-.042043488,.037881136,.0099999998,0,.037881136,0,.19,1.62,2.5575094,1.8000524,2.2812574,2.102139,543.16412,460.58469,718.80231,465.43051,960.12378,.0195,.015000015,.39505106,.099500008,0,.015000015,461.70987,458.45593,537.61298,8.4700003,1469.5156,462.76431,.029999999
2012,7,0,0,0,0,0,0,0,0,0,.19,1.53,2.4518523,1.8109667,2.210058,1.9489298,543.19299,460.82056,721.50757,465.59412,960.44312,-.1638,-.089500025,-2.0657997,.033,0,-.089500025,462.10434,458.65988,542.2561,8.2200003,1469.0868,462.85455,-.1
2012,8,.015,-.01087,.037700057,-.029916082,.032920487,.015,0,.032920487,0,.18000001,1.6799999,2.7291434,1.9634478,2.1666512,2.0011513,543.77228,460.43018,724.66821,465.89935,959.69391,-.36379999,.019000001,-2.9409981,.0115,.019000001,0,463.0838,459.02597,548.28894,7.5999999,1469.2782,462.97552,-.059999999
2012,9,.02,.5984,.13109994,.32626104,.03698276,0,.02,0,.03698276,.18000001,1.72,2.8200212,2.1945,2.1441381,2.0291531,544.24829,460.43079,727.47705,466.13956,960.20142,-.28080001,.0025000051,1.1170291,-.015,0,.0025000051,461.11523,459.27939,552.19427,6.8499999,1469.0477,463.12857,-.039999999
2012,10,-.0049999999,-.057950001,-.042800069,-.060469672,.015632153,0,-.0049999999,.015632153,0,.18000001,1.75,2.8161001,2.2353239,2.0387006,1.991606,544.51758,460.72311,727.08807,466.31015,959.53717,-.2911,.0029999912,-.075887486,-.02,.0029999912,0,460.41696,459.40082,551.61981,6.52,1468.6401,463.26877,-.0099999998
2012,11,0,0,0,0,0,0,0,0,0,.18000001,1.65,2.6604099,2.15219,1.9765078,2.005687,544.34949,461.21487,724.03003,466.25201,959.93866,-.15800001,.0085000098,-.025976999,0,.0085000098,0,459.71381,459.32999,551.63708,6.3200002,1468.8064,463.36185,-.029999999
2012,12,0,.38376999,.032400012,.43397272,.013572631,0,0,0,.013572631,.16,1.72,2.7725151,2.23768,1.9458688,1.9736764,544.3374,461.49048,726.00201,466.28671,960.80621,-.2511,-.0044999979,.022045992,-.037500001,-.0044999979,0,460.31683,459.45135,555.94086,5.6900001,1468.5547,463.49658,-.039999999
2013,1,0,-.060400002,.026499987,-.12218728,.01113971,0,0,.01113971,0,.15000001,1.91,3.0984523,2.3291333,2.0122523,1.8709998,544.50635,461.40854,730.00641,466.47415,961.21033,-.15350001,.0059999973,.16061284,.015,0,.0059999973,459.91522,459.67346,559.52264,5.02,1467.9626,463.63666,.14
2013,2,0,0,0,0,0,0,0,0,0,.16,1.98,3.2305684,2.4665632,1.9597518,1.8302636,545.09741,461.97345,732.13947,466.78207,960.34863,-.1047,-.0085000098,.26410723,-.0125,-.0085000098,0,459.91522,459.81454,557.85358,5.3699999,1468.0897,463.76028,-.0099999998
2013,3,.0049999999,.095720001,.010200024,.14041653,.0092310738,0,.0049999999,0,.0092310738,.15000001,1.96,3.2028351,2.4926801,2.0020831,1.8537233,544.80255,462.2735,734.65448,466.76111,960.71375,-.1602,.001000002,.51201487,-.0055,0,.001000002,460.91623,459.94537,560.12964,5.21,1469.0129,463.8941,-.029999999
2013,4,0,0,0,0,0,0,0,0,0,.12,1.76,2.8547683,2.304909,2.2373655,1.9300612,544.58533,462.18326,735.9278,466.7583,960.9671,-.2026,0,-.64183569,-.028000001,0,0,461.21457,459.8649,558.32587,5.0900002,1468.5907,463.97104,-.0099999998
2013,5,0,.14757,-.087700009,.073830254,.011758151,0,0,0,.011758151,.12,1.9299999,3.1214499,2.0759273,2.1887474,1.7405916,544.63751,462.19446,740.23553,466.85019,960.5033,-.57160002,-.0064999983,.1169008,-.050999999,-.0064999983,0,460.91623,459.89508,563.54205,4.6199999,1469.2268,464.05246,-.0099999998
2013,6,.0049999999,-.05759,-.025300026,-.17609972,.039442729,.0049999999,0,.039442729,0,.14,2.3,3.6096549,1.81718,2.2588029,1.6865518,544.83484,462.37268,738.94232,467.03241,961.47443,-.42910001,.0050000027,-.64858878,-.0049999999,.0050000027,0,461.31384,460.0459,559.19971,5.23,1468.8002,464.13763,.059999999
2013,7,0,.46186,.048900008,.51798087,.015033232,0,0,0,.015033232,.12,2.5799999,4.0162454,1.9008863,2.2644341,1.6973715,545.05621,461.80569,741.97852,467.18521,961.49139,-.040600002,-.0099999979,1.4433802,.048999999,-.0099999979,0,460.41696,460.20654,560.71289,5.3400002,1468.9905,464.18954,.059999999
2013,8,0,0,0,0,0,0,0,0,0,.13,2.74,4.264782,1.9174591,2.1633308,1.7495198,545.24237,462.57294,742.06348,467.36484,961.87054,-.1514,.0040000007,.074964762,-.016000001,0,.0040000007,461.31384,460.28674,564.97449,4.8800001,1469.1785,464.24466,.079999998
2013,9,0,1.21777,.092799902,1.4311426,-.0028015785,0,0,-.0028015785,0,.12,2.8099999,4.2895751,1.8896,2.3195848,1.7695746,545.37469,463.05502,743.08099,467.53387,961.89917,-.16509999,-.00099998713,.0053284243,-.011000001,-.00099998713,0,461.51205,460.32684,567.20825,4.79,1469.186,464.30554,.07
2013,10,0,-.33013999,-.0019000769,-.44246462,.014110019,0,0,.014110019,0,.12,2.6199999,4.1180501,1.9395819,2.3215818,1.7464324,545.4115,462.95975,745.00952,467.72021,962.29504,-.055399999,.0025000051,-.13809697,-.0049999999,.0025000051,0,460.81656,460.15637,570.8573,4.5300002,1469.2001,464.35278,.079999998
2013,11,0,0,0,0,0,0,0,0,0,.12,2.72,4.3580947,1.9190842,2.4040959,1.7457658,545.5838,463.2869,748.63562,467.87976,963.04913,-.0017,-.00049999356,.563227,-.0089999996,-.00049999356,0,462.20273,460.15637,573.24323,4.3299999,1469.6104,464.42798,.07
2013,12,.0049999999,1.6648,.030399919,1.9488281,.018314701,0,.0049999999,0,.018314701,.13,2.9000001,4.5541525,1.8738762,2.4990764,1.6749128,545.84064,463.5679,749.98523,468.02487,962.89789,-.14139999,.0085000023,-.40713343,-.026000001,.0085000023,0,462.00589,460.34686,571.94476,3.7,1469.3184,464.53641,.13
2014,1,0,-.45282,.024800062,-.57422435,.016863599,0,0,.016863599,0,.12,2.8599999,4.3460951,2.0116143,2.8241282,1.6258997,546.12225,463.08994,750.78857,468.17422,962.17462,-.32769999,-2.9802322e-08,-.31723607,-.024,0,-2.9802322e-08,461.90732,460.457,575.17041,3.5699999,1469.5437,464.66055,.059999999
2014,2,0,0,0,0,0,0,0,0,0,.12,2.71,4.1625371,2.0359631,2.9065721,1.6177046,546.24408,464.08191,750.49609,468.25867,962.46216,-.2269,.027499989,.16062182,-.021,0,.027499989,461.90732,460.50702,575.54706,3.48,1469.8809,464.74109,.079999998
2014,3,0,-.17357001,-.030799985,-.22954451,.034095176,0,0,.034095176,0,.13,2.72,4.036881,2.0574477,2.822978,1.7100538,546.37384,464.97095,753.0224,468.43845,962.69513,-.29629999,.035499975,-.51545781,-.017999999,.035499975,0,461.41299,460.457,575.88239,3.1500001,1469.7007,464.77975,.13
2014,4,0,.02448,-.0081000328,.0016904284,.019297197,0,0,0,.019297197,.11,2.71,3.9162714,2.0222285,2.7847722,1.7339813,546.58258,465.18695,753.06213,468.66815,963.15027,-.39039999,.016499981,.73022687,.025,0,.016499981,462.59528,460.50702,577.83813,3.03,1469.8868,464.80734,.13
2014,5,0,0,0,0,0,0,0,0,0,.1,2.5599999,3.6993334,2.0465095,2.6678681,1.8230245,546.73511,465.47211,754.4209,468.8634,963.6955,-.4113,.0059999824,.48802441,-.0020000001,0,.0059999824,461.80865,460.42697,578.28796,3.0999999,1469.8347,464.81152,.050000001
2014,6,0,.33186001,.022499919,.3805353,.026770117,0,0,0,.026770117,.1,2.5999999,3.7137144,2.0953381,2.5642457,1.8476607,546.81824,465.84247,757.409,469.02325,963.93677,-.34150001,-.026000002,.67129815,.0010000002,-.026000002,0,461.51205,460.50702,580.35406,3.0699999,1469.983,464.85004,0
2014,7,0,.40577999,.033800006,.45590395,.010753207,0,0,0,.010753207,.11,2.54,3.5477819,2.1229818,2.3139155,2.0145924,546.98474,465.8634,758.73615,469.22253,964.68756,-.35699999,-.0029999912,.58273995,-.0089999996,-.0029999912,0,462.10434,460.52701,577.54913,3.3699999,1470.0717,464.89188,0
2014,8,0,0,0,0,0,0,0,0,0,.11,2.4200001,3.3557856,2.0027049,2.6421101,2.0298467,546.914,465.79999,758.14813,469.28552,965.21533,-.36129999,0,-.17562956,-.030999999,0,0,461.01578,460.577,574.08862,3.6700001,1470.5194,464.99368,-.029999999
2014,9,0,.27313,-.11650002,.31112331,.034095176,0,0,0,.034095176,.11,2.53,3.445281,1.8286619,2.7470326,1.994571,547.01086,466.09161,759.75098,469.40988,964.67346,-.26570001,-.046500001,1.2426894,.0275,-.046500001,0,461.90732,460.64694,578.08447,3.6600001,1470.5469,465.15735,-.079999998
2014,10,.0099999998,-.35664999,.0056999922,-.45267949,.044901419,.0099999998,0,.044901419,0,.1,2.3,3.202759,1.6472864,2.8469861,1.8164309,547.01929,466.14542,756.90375,469.45871,965.27423,-.27739999,.0029999986,-1.5781308,-.032000002,.0029999986,0,461.90732,460.53702,571.77484,4.0999999,1470.4818,465.35947,-.039999999
2014,11,0,0,0,0,0,0,0,0,0,.13,2.3299999,3.1859276,1.6537666,2.8737657,1.6268063,546.85577,466.92093,762.29437,469.47745,965.3526,-.013,-.0014999993,1.1350328,.0012000001,-.0014999993,0,461.80865,460.44699,575.47839,3.8399999,1470.5548,465.50735,-.02
2014,12,-.0049999999,.79782999,-.03579998,.94141877,-.043747995,-.0049999999,0,-.043747995,0,.20999999,2.21,2.8809273,1.4193,2.952565,1.3568022,546.50598,466.70148,762.7674,469.4166,965.25928,-.0219,-.0019999999,-2.0050874,-.0044999998,0,-.0019999999,462.98627,460.18646,576.84869,3.96,1471.0515,465.60669,-.1
2015,1,0,-.19384,-.027099967,-.2580305,.01167642,0,0,.01167642,0,.2,1.88,2.4906001,1.38605,3.2122638,.6752941,545.92151,465.97986,761.48932,469.23459,965.7431,-.20550001,.0010499991,.62797844,.057500001,0,.0010499991,462.79095,459.85483,579.11633,4.04,1471.6442,465.64377,-.16
2015,2,0,0,0,0,0,0,0,0,0,.22,1.98,2.6249578,1.6600474,3.1510348,.48134536,546.16644,465.8067,764.11786,469.42892,966.60706,-.4364,0,0,0,0,0,463.8605,460.22659,586.70416,3.8599999,1471.6016,465.79221,-.20999999
2015,3,-.02,1.49382,-.007600069,1.7373184,-.068805814,-.02,0,-.068805814,0,.25,2.04,2.7040772,1.6876409,3.0300701,.56458187,546.37854,465.46695,764.03229,469.63669,966.0423,-.25510001,-.019000001,.011363421,.068000004,-.019000001,0,464.15021,460.40695,592.3913,3.8099999,1471.1598,465.89267,-.25
2015,4,0,.099260002,-.01849997,.038755037,.018226124,0,0,0,.018226124,.23,1.9400001,2.6488774,1.7931045,2.8471329,.62115657,546.46832,465.07401,764.72437,469.76791,966.64136,-.1055,.0013999939,.15396813,.016000001,0,.0013999939,463.56995,460.51703,594.87341,3.8800001,1471.7885,465.97369,-.25999999
2015,5,0,0,0,0,0,0,0,0,0,.23999999,2.2,3.035955,1.745725,2.603915,.83988011,546.76001,464.7121,765.53638,469.99188,966.55042,-.0515,0,0,0,0,0,463.56995,460.73679,592.27679,3.8099999,1471.8325,466.08276,-.25
2015,6,-.02,.35392001,.016499996,.38880566,-.017281344,-.02,0,-.017281344,0,.28,2.3599999,3.2239408,1.7339001,2.4574976,.98695016,546.98267,464.43207,764.93512,470.15353,967.20129,.084700003,-.00024999678,-.56629401,.0080000004,0,-.00024999678,464.05374,460.75674,589.71313,4.0700002,1472.0908,466.12494,-.27000001
2015,7,0,.16123,.01730001,.18959568,.024555879,0,0,0,.024555879,.30000001,2.3199999,3.1511228,1.6006727,2.5743039,1.1947658,547.17493,464.93307,764.69,470.26456,966.91205,.1126,-.00014999509,.044011723,-.018999999,-.00014999509,0,464.53519,460.74677,590.34857,4.27,1472.3905,466.14853,-.27000001
2015,8,0,0,0,0,0,0,0,0,0,.38,2.1700001,2.9000332,1.331762,2.5371301,1.3032358,547.14764,464.92743,762.06396,470.30984,967.01666,.2967,0,0,0,0,0,463.76373,460.6669,587.69067,4.4699998,1472.1539,466.23389,-.25
2015,9,-.064989999,.15194,.020100057,.15302147,-.088400409,-.064989999,0,-.088400409,0,.37,2.1700001,2.9720857,1.2226809,2.6437955,1.3361979,547.00287,464.63486,757.271,470.3497,967.64679,.40779999,-.00025001168,1.1172966,.041999999,-.00025001168,0,464.05374,460.54703,580.17963,4.9200001,1472.2036,466.36603,-.27000001
2015,10,.035,-.70941001,.019299984,-.73350275,.086021431,.035,0,.086021431,0,.25999999,2.0699999,2.8595667,1.23,2.5983095,1.4119775,547.13965,464.44342,761.32324,470.46161,967.25305,.31189999,-.0092999935,2.2137396,.046999998,-.0092999935,0,464.72714,460.6669,583.53516,5.1500001,1472.3837,466.6124,-.34
2015,11,0,0,0,0,0,0,0,0,0,.47999999,2.26,3.0089684,1.3267,2.5631971,1.4695573,547.29132,463.85712,764.04193,470.56708,967.09088,.38510001,0,0,0,0,0,464.05374,460.62695,588.11432,4.7800002,1472.6044,466.7464,-.41
2015,12,.02,.099380001,-.0080999732,.20018718,.051831607,0,.02,0,.051831607,.64999998,2.24,2.9274864,1.2875863,2.5240266,1.571438,547.16235,463.39316,762.7583,470.50885,967.43268,.55519998,.069650009,-3.6974473,-.0145,.069650009,0,463.76373,460.42697,584.64301,5.04,1473.0229,466.8028,-.38999999
2016,1,-.0049999999,-.36739999,.038800001,-.60720736,.019208621,0,-.0049999999,.019208621,0,.54000002,2.0899999,2.7863262,1.2287,2.4031763,1.5003026,547.27161,463.93997,755.935,470.54477,967.091,.74180001,-.011149973,-.49807855,.013,0,-.011149973,466.3439,460.1965,577.0672,5.9299998,1473.1432,466.80984,-.46000001
2016,2,0,0,0,0,0,0,0,0,0,.52999997,1.78,2.4674399,1.153235,2.1766868,1.4055336,547.14636,463.73325,755.19318,470.52423,966.93042,.76950002,0,0,0,0,0,464.72714,460.08609,571.80859,6.04,1473.0157,466.80624,-.52999997
2016,3,-.055,.24853,.1142,.3114925,-.079717353,-.055,0,-.079717353,0,.66000003,1.89,2.5290456,1.4980909,2.1360099,1.4567059,547.25983,463.01193,761.18195,470.66122,968.06085,.42289999,.033650011,1.2403595,-.017999999,0,.033650011,463.95715,460.3569,577.5025,5.3400002,1473.2462,466.82739,-.5
2016,4,-.0049999999,.23738,.040399909,.20404668,.0066989656,-.0049999999,0,0,.0066989656,.56,1.8099999,2.4431334,1.5334381,2.0628982,1.5073957,547.60785,463.34631,763.79742,471.00739,967.93732,.082599998,.00049996376,-.17365825,.0255,.00049996376,0,465.49124,460.34686,577.89581,4.8000002,1473.46,466.78033,-.50999999
2016,5,0,0,0,0,0,0,0,0,0,.58999997,1.8099999,2.4149857,1.5471762,1.9450333,1.5471152,547.79773,463.23495,763.31525,471.1983,967.65417,.089100003,0,0,0,0,0,464.05374,460.63693,576.6853,4.6900001,1473.6343,466.81125,-.52999997
2016,6,-.02,-.038899999,.0031000376,-.08411406,-.017506687,0,-.02,0,-.017506687,.55000001,1.64,2.1965728,1.451009,2.0462594,1.7205555,547.99805,463.59409,764.19922,471.323,968.0058,-.14489999,-.00029999018,-.59343702,-.0070000002,0,-.00029999018,464.82297,460.85645,574.35962,4.7399998,1473.5708,466.8519,-.64999998
2016,7,-.0049999999,.17276999,-.024299979,.21319823,-.00055687758,-.0049999999,0,-.00055687758,0,.50999999,1.5,1.98392,1.410225,2.0573351,1.7739856,548.02136,463.68365,767.27124,471.37399,968.08344,-.18889999,-.01275,.14088069,.0020000001,-.01275,0,464.24658,460.8963,574.5722,4.4400001,1473.7025,466.88629,-.61000001
2016,8,0,0,0,0,0,0,0,0,0,.56999999,1.5599999,2.0396218,1.3389435,1.9576381,1.8706954,548.22583,463.61444,768.59247,471.50665,968.61316,-.184,0,0,0,0,0,466.15506,460.88632,577.82813,4.04,1474.1466,466.9761,-.62
2016,9,-.0049999999,.28084999,.034800053,.36923739,.016086882,-.0049999999,0,0,.016086882,.58999997,1.63,2.1411238,1.4168857,2.0243134,1.8777266,548.48218,463.46298,767.67938,471.67215,969.00983,-.2368,.010050029,-.87531543,.0099999998,.010050029,0,465.39603,460.966,578.53992,4.0500002,1474.118,467.14377,-.69999999
2016,10,0,0,0,0,0,0,0,0,0,.66000003,1.76,2.3004301,1.61638,2.0508249,2.0314212,548.76727,463.64188,766.99719,471.89218,968.33911,-.20119999,.000099986792,.30096775,-.013,0,.000099986792,465.49124,461.17484,579.25592,3.8699999,1474.163,467.36459,-.67000002
2016,11,0,.083829999,-.049000025,-.0015328977,.010691603,0,0,.010691603,0,.74000001,2.1400001,2.783555,1.7536,2.1071296,2.1099567,548.97595,463.42221,768.01691,471.99847,969.34698,-.90090001,0,0,0,0,0,467.00211,461.20465,578.24261,4.02,1474.4747,467.50134,-.83999997
2016,12,.0099999998,-.15587001,-.027099967,-.24080797,.066569075,.0099999998,0,.066569075,0,.87,2.49,3.1758761,1.8681333,2.1949306,,549.23248,464.21527,771.71863,472.1666,969.42865,-.33360001,.00079998374,.73286086,.032000002,0,.00079998374,,461.56155,583.64185,3.8800001,1474.8107,467.54288,-.83999997
